Stock Name,BSE Code,Stock Code,ISIN
20 Microns Ltd.,533022,20MICRONS,INE144J01027
360 One Wam Ltd.,542772,360ONE,INE466L01038
3B BlackBio Dx Ltd.,532067,3BBLACKBIO,INE994E01018
3M India Ltd.,523395,3MINDIA,INE470A01017
5Paisa Capital Ltd.,540776,5PAISA,INE618L01018
63 Moons Technologies Ltd.,526881,63MOONS,INE111B01023
A-1 Ltd.,542012,A1L,INE911Z01017
Aadhar Housing Finance Ltd.,544176,AADHARHFC,INE883F01010
Aarti Drugs Ltd.,524348,AARTIDRUGS,INE767A01016
Aarti Industries Ltd.,524208,AARTIIND,INE769A01020
Aarti Pharmalabs Ltd.,543748,AARTIPHARM,INE0LRU01027
Aavas Financiers Ltd.,541988,AAVAS,INE216P01012
Aayush Art and Bullion Ltd.,540718,AAYUSHBULL,INE777X01017
AB Cotspin India Ltd.,,ABCOTS,INE08PH01015
Abans Financial Services Ltd.,543712,AFSL,INE00ZE01026
ABB India Ltd.,500002,ABB,INE117A01022
Abbott India Ltd.,500488,ABBOTINDIA,INE358A01014
ACC Ltd.,500410,ACC,INE012A01025
Accelya Solutions India Ltd.,532268,ACCELYA,INE793A01012
ACME Solar Holdings Ltd.,544283,ACMESOLAR,INE622W01025
Action Construction Equipment Ltd.,532762,ACE,INE731H01025
Adani Energy Solutions Ltd.,539254,ADANIENSOL,INE931S01010
Adani Enterprises Ltd.,512599,ADANIENT,INE423A01024
Adani Green Energy Ltd.,541450,ADANIGREEN,INE364U01010
Adani Ports & Special Economic Zone Ltd.,532921,ADANIPORTS,INE742F01042
Adani Power Ltd.,533096,ADANIPOWER,INE814H01011
Adani Total Gas Ltd.,542066,ATGL,INE399L01023
ADC India Communications Ltd.,523411,ADCINDIA,INE833A01016
ADF Foods Ltd.,519183,ADFFOODS,INE982B01027
Aditya Birla Capital Ltd.,540691,ABCAPITAL,INE674K01013
Aditya Birla Fashion and Retail Ltd.,535755,ABFRL,INE647O01011
Aditya Birla Money Ltd.,532974,BIRLAMONEY,INE865C01022
Aditya Birla Real Estate Ltd.,500040,ABREL,INE055A01016
Aditya Birla Sun Life AMC Ltd.,543374,ABSLAMC,INE404A01024
Aditya Vision Ltd.,540205,AVL,INE679V01027
Ador Welding Ltd.,517041,ADOR,INE045A01017
Advait Energy Transitions Ltd.,543230,ADVAIT,INE0ALI01010
Advanced Enzyme Technologies Ltd.,540025,ADVENZYMES,INE837H01020
Advani Hotels & Resorts (India) Ltd.,523269,ADVANIHOTR,INE199C01026
Aegis Logistics Ltd.,500003,AEGISLOG,INE208C01025
Aeroflex Industries Ltd.,543972,AEROFLEX,INE024001021
Aether Industries Ltd.,543534,AETHER,INE0BWX01014
Afcom Holdings Ltd.,544224,AFCOM,INE0OXY01013
Afcons Infrastructure Ltd.,544280,AFCONS,INE101I01011
Affle (India) Ltd.,542752,AFFLE,INE00WC01027
Agarwal Industrial Corporation Ltd.,531921,AGARIND,INE204E01012
AGI Greenpac Ltd.,500187,AGI,INE415A01038
AGI Infra Ltd.,539042,AGIIL,INE976R01025
Ahluwalia Contracts (India) Ltd.,532811,AHLUCONT,INE758C01029
AIA Engineering Ltd.,532683,AIAENG,INE212H01026
Aimtron Electronics Ltd.,,AIMTRON,INE0RUV01018
Ajanta Pharma Ltd.,532331,AJANTPHARM,INE031B01049
Ajax Engineering Ltd.,544356,AJAXENGG,INE274Y01021
Ajmera Realty & Infra India Ltd.,513349,AJMERA,INE298G01027
AK Capital Services Ltd.,530499,AKCAPIT,INE701G01012
Akums Drugs & Pharmaceuticals Ltd.,544222,AKUMS,INE09XN01023
Akzo Nobel India Ltd.,500710,AKZOINDIA,INE133A01011
Alembic Ltd.,506235,ALEMBICLTD,INE426A01027
Alembic Pharmaceuticals Ltd.,533573,APLLTD,INE901L01018
Algoquant Fintech Ltd.,505725,AQFINTECH,INE598D01027
Alicon Castalloy Ltd.,531147,ALICON,INE062D01024
Alivus Life Sciences Ltd.,543322,ALIVUS,INE03Q201024
Alkem Laboratories Ltd.,539523,ALKEM,INE540L01014
Alkyl Amines Chemicals Ltd.,506767,ALKYLAMINE,INE150B01039
All e Technologies Ltd.,,ALLETEC,INE0M2X01012
Allcargo Gati Ltd.,532345,ACLGATI,INE152B01027
Allcargo Logistics Ltd.,532749,ALLCARGO,INE418H01029
Allcargo Terminals Ltd.,543954,ATL,INE0NN701020
Alldigi Tech Ltd.,532633,ALLDIGI,INE835G01018
Allied Blenders & Distillers Ltd.,544203,ABDL,INE552Z01027
Allied Digital Services Ltd.,532875,ADSL,INE102I01027
Alok Industries Ltd.,521070,ALOKINDS,INE270A01029
Alpex Solar Ltd.,,ALPEXSOLAR,INE0R4701017
Alphalogic Techsys Ltd.,542770,ALPHALOGIC,INE08E401029
Amal Ltd.,506597,AMAL,INE841D01013
Amara Raja Energy & Mobility Ltd.,500008,ARE&M,INE885A01032
Amber Enterprises India Ltd.,540902,AMBER,INE371P01015
Ambika Cotton Mills Ltd.,531978,AMBIKCO,INE540G01014
Ambuja Cements Ltd.,500425,AMBUJACEM,INE079A01024
Ami Organics Ltd.,543349,AMIORG,INE00FF01017
AMIC Forging Ltd.,544037,AMIC,INE0P9J01013
Amines & Plasticizers Ltd.,506248,AMNPLST,INE275D01022
Amrutanjan Health Care Ltd.,590006,AMRUTANJAN,INE098F01031
Anand Rathi Wealth Ltd.,543415,ANANDRATHI,INE463V01026
Anant Raj Ltd.,515055,ANANTRAJ,INE242C01024
Andhra Cements Ltd.,532141,ACL,INE666E01020
Andhra Paper Ltd.,502330,ANDHRAPAP,INE435A01051
Andhra Petrochemicals Ltd.,500012,ANDHRAPET,INE714B01016
Andhra Sugars Ltd.,590062,ANDHRSUGAR,INE715B01021
Andrew Yule & Company Ltd.,526173,ANDREWYU,INE449C01025
Angel One Ltd.,543235,ANGELONE,INE732I01013
Annapurna Swadisht Ltd.,,ANNAPURNA,INE0MGM01017
Antony Waste Handling Cell Ltd.,543254,AWHCL,INE01BK01022
Anuh Pharma Ltd.,506260,ANUHPHR,INE489G01022
Anupam Rasayan India Ltd.,543275,ANURAS,INE930P01018
Anzen India Energy Yield Plus Trust,543655,ANZEN,INE0MIZ23019
Apar Industries Ltd.,532259,APARINDS,INE372A01015
Apcotex Industries Ltd.,523694,APCOTEXIND,INE116A01032
Apeejay Surrendra Park Hotels Ltd.,544111,PARKHOTELS,INE988S01028
Apex Frozen Foods Ltd.,540692,APEX,INE346W01013
APL Apollo Tubes Ltd.,533758,APLAPOLLO,INE702C01027
Apollo Hospitals Enterprise Ltd.,508869,APOLLOHOSP,INE437A01024
Apollo Micro Systems Ltd.,540879,APOLLO,INE713T01028
Apollo Pipes Ltd.,531761,APOLLOPIPE,INE126J01016
Apollo Tyres Ltd.,500877,APOLLOTYRE,INE438A01022
Aptech Ltd.,532475,APTECHT,INE266F01018
Aptus Value Housing Finance India Ltd.,543335,APTUS,INE852O01025
Archean Chemical Industries Ltd.,543657,ACI,INE128X01021
Arihant Capital Markets Ltd.,511605,ARIHANTCAP,INE420B01036
Arihant Foundations & Housing Ltd.,531381,ARIHANT,INE413D01011
Arihant Superstructures Ltd.,506194,ARIHANTSUP,INE643K01018
Arkade Developers Ltd.,544261,ARKADE,INE0QRL01017
Arman Financial Services Ltd.,531179,ARMANFIN,INE109C01017
Arrow Greentech Ltd.,516064,ARROWGREEN,INE570D01018
Artemis Electricals and Projects Ltd.,542670,AEPL,INE757T01025
Artemis Medicare Services Ltd.,542919,ARTEMISMED,INE025R01021
Artson Ltd.,522134,ARTSON,INE133D01023
Arvind Fashions Ltd.,542484,ARVINDFASN,INE955V01021
Arvind Ltd.,500101,ARVIND,INE034A01011
Arvind SmartSpaces Ltd.,539301,ARVSMART,INE034S01021
Aryaman Financial Services Ltd.,530245,ARYAMAN,INE032E01017
Asahi India Glass Ltd.,515030,ASAHIINDIA,INE439A01020
Ashapura Minechem Ltd.,527001,ASHAPURMIN,INE348A01023
Ashiana Housing Ltd.,523716,ASHIANA,INE365D01021
Ashika Credit Capital Ltd.,543766,ASHIKA,INE094B01013
Ashima Ltd.,514286,ASHIMASYN,INE440A01010
Ashok Leyland Ltd.,500477,ASHOKLEY,INE208A01029
Ashoka Buildcon Ltd.,533271,ASHOKA,INE442H01029
Asian Energy Services Ltd.,530355,ASIANENE,INE276G01015
Asian Granito India Ltd.,532888,ASIANTILES,INE022I01019
Asian Hotels (North) Ltd.,500023,ASIANHOTNR,INE363A01022
Asian Paints Ltd.,500820,ASIANPAINT,INE021A01026
Asian Star Company Ltd.,531847,ASTAR,INE194D01017
ASK Automotive Ltd.,544022,ASKAUTOLTD,INE491J01022
ASM Technologies Ltd.,526433,ASMTEC,INE867C01010
Associated Alcohols & Breweries Ltd.,507526,ASALCBR,INE073G01016
Astec Lifesciences Ltd.,533138,ASTEC,INE563J01010
Aster DM Healthcare Ltd.,540975,ASTERDM,INE914M01019
Astra Microwave Products Ltd.,532493,ASTRAMICRO,INE386C01029
Astral Ltd.,532830,ASTRAL,INE006I01046
AstraZeneca Pharma India Ltd.,506820,ASTRAZEN,INE203A01020
Atul Auto Ltd.,531795,ATULAUTO,INE951D01028
Atul Ltd.,500027,ATUL,INE100A01010
Au Small Finance Bank Ltd.,540611,AUBANK,INE949L01017
Aurionpro Solutions Ltd.,532668,AURIONPRO,INE132H01018
Aurobindo Pharma Ltd.,524804,AUROPHARMA,INE406A01037
Aurum Proptech Ltd.,539289,AURUM,INE898S01029
Australian Premium Solar (India) Ltd.,,APS,INE0P0001010
Authum Investment & Infrastructure Ltd.,539177,AIIL,INE206F01022
Automobile Corporation Of Goa Ltd.,505036,ACGL,INE451C01013
Automotive Axles Ltd.,505010,AUTOAXLES,INE449A01011
Automotive Stampings and Assemblies Ltd.,520119,ASAL,INE900C01027
Avadh Sugar & Energy Ltd.,540649,AVADHSUGAR,INE349W01017
Avalon Technologies Ltd.,543896,AVALON,INE0LCL01028
Avantel Ltd.,532406,AVANTEL,INE005B01027
Avanti Feeds Ltd.,512573,AVANTIFEED,INE871C01038
Avenue Supermarts Ltd.,540376,DMART,INE192R01011
Avonmore Capital & Management Services Ltd.,511589,AVONMORE,INE323B01024
AVT Natural Products Ltd.,519105,AVTNPL,INE488D01021
Awfis Space Solutions Ltd,544181,AWFIS,INE108V01019
AWL Agri Business Ltd.,543458,AWL,INE699H01024
Axis Bank Ltd.,532215,AXISBANK,INE238A01034
AXISCADES Technologies Ltd.,532395,AXISCADES,INE555B01013
Axtel Industries Ltd.,523850,AXTEL,INE767C01012
AYM Syntex Ltd.,508933,AYMSYNTEX,INE193B01039
Azad Engineering Ltd.,544061,AZAD,INE02IJ01035
Azad India Mobility Ltd.,504731,AZADIND,INE566M01017
B L Kashyap & Sons Ltd.,532719,BLKASHYAP,INE350H01032
Baazar Style Retail Ltd.,544243,STYLEBAAZA,INE01FR01028
Baheti Recycling Industries Ltd.,,BAHETI,INE029Q01017
Bajaj Auto Ltd.,532977,BAJAJ-AUTO,INE917I01010
Bajaj Consumer Care Ltd.,533229,BAJAJCON,INE933K01021
Bajaj Electricals Ltd.,500031,BAJAJELEC,INE193E01025
Bajaj Finance Ltd.,500034,BAJFINANCE,INE296A01024
Bajaj Finserv Ltd.,532978,BAJAJFINSV,INE918I01026
Bajaj Healthcare Ltd.,539872,BAJAJHCARE,INE411U01027
Bajaj Hindusthan Sugar Ltd.,500032,BAJAJHIND,INE306A01021
Bajaj Holdings & Investment Ltd.,500490,BAJAJHLDNG,INE118A01012
Bajaj Housing Finance Ltd.,544252,BAJAJHFL,INE377Y01014
Bajaj Steel Industries Ltd.,507944,BAJAJST,INE704G01024
Bajel Projects Ltd.,544042,BAJEL,INE0KQN01018
Balaji Amines Ltd.,530999,BALAMINES,INE050E01027
Balaji Telefilms Ltd.,532382,BALAJITELE,INE794B01026
Balkrishna Industries Ltd.,502355,BALKRISIND,INE787D01026
Balmer Lawrie & Company Ltd.,523319,BALMLAWRIE,INE164A01016
Balmer Lawrie Investments Ltd.,532485,BLIL,INE525F01025
Balrampur Chini Mills Ltd.,500038,BALRAMCHIN,INE119A01028
Balu Forge Industries Ltd.,531112,BALUFORGE,INE011E01029
Banco Products (India) Ltd.,500039,BANCOINDIA,INE213C01025
Bandhan Bank Ltd.,541153,BANDHANBNK,INE545U01014
Banganga Paper Industries Ltd.,512025,BANGANGA,INE767M01029
Bank of Baroda,532134,BANKBARODA,INE028A01039
Bank of India,532149,BANKINDIA,INE084A01016
Bank of Maharashtra,532525,MAHABANK,INE457A01014
Bannari Amman Sugars Ltd.,500041,BANARISUG,INE459A01010
Bansal Wire Industries Ltd.,544209,BANSALWIRE,INE0B9K01025
Barbeque-Nation Hospitality Ltd.,543283,BARBEQUE,INE382M01027
Bartronics India Ltd.,532694,ASMS,INE855F01042
BASF India Ltd.,500042,BASF,INE373A01013
Basilic Fly Studio Ltd.,,BASILIC,INE0OCC01013
Bata India Ltd.,500043,BATAINDIA,INE176A01028
Bayer Cropscience Ltd.,506285,BAYERCROP,INE462A01022
BCL Industries Ltd.,524332,BCLIND,INE412G01024
Bedmutha Industries Ltd.,533270,BEDMUTHA,INE844K01012
Beekay Steel Industries Ltd.,539018,BEEKAY,INE213D01015
Bella Casa Fashion & Retail Ltd.,539399,BELLACASA,INE344T01014
BEML Land Assets Ltd.,543898,BLAL,INE0N7W01012
BEML Ltd.,500048,BEML,INE258A01016
Benares Hotels Ltd.,509438,BENARAS,INE664D01019
Bengal & Assam Company Ltd.,533095,BENGALASM,INE083K01017
Berger Paints (India) Ltd.,509480,BERGEPAINT,INE463A01038
Best Agrolife Ltd.,539660,BESTAGRO,INE052T01013
Beta Drugs Ltd.,531481,BETA,INE351Y01019
BF Investment Ltd.,533303,BFINVEST,INE878K01010
BF Utilities Ltd.,532430,BFUTILITIE,INE243D01012
BGR Energy Systems Ltd.,532930,BGRENERGY,INE661I01014
Bhageria Industries Ltd.,530803,BHAGERIA,INE354C01027
Bhagiradha Chemicals & Industries Ltd.,531719,BHAGCHEM,INE414D01027
Bhansali Engineering Polymers Ltd.,500052,BEPL,INE922A01025
Bharat Bijlee Ltd.,503960,BBL,INE464A01036
Bharat Dynamics Ltd.,541143,BDL,INE171Z01026
Bharat Electronics Ltd.,500049,BEL,INE263A01024
Bharat Forge Ltd.,500493,BHARATFORG,INE465A01025
Bharat Global Developers Ltd.,521238,BGDL,INE893C01032
Bharat Heavy Electricals Ltd.,500103,BHEL,INE257A01026
Bharat Parenterals Ltd.,541096,BPLPHARMA,INE365Y01019
Bharat Petroleum Corporation Ltd.,500547,BPCL,INE029A01011
Bharat Rasayan Ltd.,590021,BHARATRAS,INE838B01013
Bharat Seats Ltd.,523229,BHARATSE,INE415D01024
Bharat Wire Ropes Ltd.,539799,BHARATWIRE,INE316L01019
Bharti Airtel Ltd.,532454,BHARTIARTL,INE397D01024
Bharti Hexacom Ltd.,544162,BHARTIHEXA,INE343G01021
Bhartiya International Ltd.,526666,BIL,INE828A01016
Bigbloc Construction Ltd.,540061,BIGBLOC,INE412U01025
Bikaji Foods International Ltd.,543653,BIKAJI,INE00E101023
Bio Green Papers Ltd.,534535,BGPL,INE958L01026
Biocon Ltd.,532523,BIOCON,INE376G01013
Birla Corporation Ltd.,500335,BIRLACORPN,INE340A01012
BirlaNu Ltd.,509675,BIRLANU,INE557A01011
Birlasoft Ltd.,532400,BSOFT,INE836A01035
Black Box Ltd.,500463,BBOX,INE676A01027
Bliss GVS Pharma Ltd.,506197,BLISSGVS,INE416D01022
BLS E-Services Ltd.,544107,BLSE,INE0NLT01010
BLS International Services Ltd.,540073,BLS,INE153T01027
Blue Cloud Softech Solutions Ltd.,539607,BLUECLOUDS,INE373T01047
Blue Dart Express Ltd.,526612,BLUEDART,INE233B01017
Blue Jet Healthcare Ltd,544009,BLUEJET,INE0KBH01020
Blue Star Ltd.,500067,BLUESTARCO,INE472A01039
BMW Industries Ltd.,542669,BMW,INE374E01021
BN Holdings Ltd.,526125,BNHOLDINGS,INE00HZ01011
Bodal Chemicals Ltd.,524370,BODALCHEM,INE338D01028
Bombay Burmah Trading Corporation Ltd.,501425,BBTC,INE050A01025
Bombay Dyeing & Manufacturing Company Ltd.,500020,BOMDYEING,INE032A01023
Bombay Super Hybrid Seeds Ltd.,,BSHSL,INE032Z01020
Bondada Engineering Ltd.,543971,BONDADA,INE0Q8P01029
Borosil Ltd.,543212,BOROLTD,INE02PY01013
Borosil Renewables Ltd.,502219,BORORENEW,INE666D01022
Borosil Scientific Ltd.,544184,BOROSCI,INE02L001032
Bosch Ltd.,500530,BOSCHLTD,INE323A01026
Brainbees Solutions Ltd.,544226,FIRSTCRY,INE02RE01045
Brigade Enterprises Ltd.,532929,BRIGADE,INE791I01019
Bright Outdoor Media Ltd.,543831,BRIGHT,INE0OMI01019
Britannia Industries Ltd.,500825,BRITANNIA,INE216A01030
Brookfield India Real Estate Trust,543261,BIRET,INE0FDU25010
BSE Ltd.,,BSE,INE118H01025
Butterfly Gandhimathi Appliances Ltd.,517421,BUTTERFLY,INE295F01017
C.E. Info Systems Ltd.,543425,MAPMYINDIA,INE0BV301023
C2C Advanced Systems Ltd.,,C2C,INE0U7V01015
Camlin Fine Sciences Ltd.,532834,CAMLINFINE,INE052I01032
Campus Activewear Ltd.,543523,CAMPUS,INE278Y01022
Can Fin Homes Ltd.,511196,CANFINHOME,INE477A01020
Canara Bank,532483,CANBK,INE476A01022
Cantabil Retail India Ltd.,533267,CANTABIL,INE068L01024
Capacit'e Infraprojects Ltd.,540710,CAPACITE,INE264T01014
Capital India Finance Ltd.,530879,CIFL,INE345H01024
Capital Infra Trust,544338,CAPINVIT,INE0Z8Z23013
Capital Small Finance Bank Ltd.,544120,CAPITALSFB,INE646H01017
Caplin Point Laboratories Ltd.,524742,CAPLIPOINT,INE475E01026
Capri Global Capital Ltd.,531595,CGCL,INE180C01042
Captain Polyplast Ltd.,536974,CPL,INE536P01021
Captain Technocast Ltd.,540652,CTCL,INE931X01010
Carborundum Universal Ltd.,513375,CARBORUNIV,INE120A01034
CARE Ratings Ltd.,534804,CARERATING,INE752H01013
Carraro India Ltd.,544320,CARRARO,INE0V7W01012
CarTrade Tech Ltd.,543333,CARTRADE,INE290S01011
Carysil Ltd.,524091,CARYSIL,INE482D01024
Castrol India Ltd.,500870,CASTROLIND,INE172A01027
CCL Products India Ltd.,519600,CCL,INE421D01022
Ceat Ltd.,500878,CEATLTD,INE482A01020
Ceigall India Ltd.,544223,CEIGALL,INE0AG901020
Ceinsys Tech Ltd.,538734,CEINSYSTECH,INE016Q01014
Cellecor Gadgets Ltd.,,CELLECOR,INE0OMO01025
Cello World Ltd.,544012,CELLO,INE0LMW01024
Central Bank of India,532885,CENTRALBK,INE483A01010
Central Depository Services (India) Ltd.,,CDSL,INE736A01011
Centrum Capital Ltd.,501150,CENTRUM,INE660C01027
Centum Electronics Ltd.,517544,CENTUM,INE320B01020
Century Enka Ltd.,500280,CENTENKA,INE485A01015
Century Plyboards (India) Ltd.,532548,CENTURYPLY,INE348B01021
Cera Sanitaryware Ltd.,532443,CERA,INE739E01017
CESC Ltd.,500084,CESC,INE486A01021
CFF Fluid Control Ltd.,543920,CFF,INE0NJ001013
CG Power and Industrial Solutions Ltd.,500093,CGPOWER,INE067A01029
Chalet Hotels Ltd.,542399,CHALET,INE427F01016
Chaman Lal Setia Exports Ltd.,530307,CLSEL,INE419D01026
Chambal Fertilisers & Chemicals Ltd.,500085,CHAMBLFERT,INE085A01013
Chembond Chemicals Ltd.,530871,CHEMBOND,INE995D01025
Chemcon Speciality Chemicals Ltd.,543233,CHEMCON,INE03YM01018
Chemfab Alkalis Ltd.,541269,CHEMFAB,INE783X01023
Chemplast Sanmar Ltd.,543336,CHEMPLASTS,INE488A01050
Chennai Petroleum Corporation Ltd.,500110,CHENNPETRO,INE178A01016
Cheviot Company Ltd.,526817,CHEVIOT,INE974B01016
Choice International Ltd.,531358,CHOICEIN,INE102B01014
Cholamandalam Financial Holdings Ltd.,504973,CHOLAHLDNG,INE149A01033
Cholamandalam Investment & Finance Company Ltd.,511243,CHOLAFIN,INE121A01024
CIAN Agro Industries & Infrastructure Ltd.,519477,CIANAGRO,INE052V01019
CIE Automotive India Ltd.,532756,CIEINDIA,INE536H01010
Cigniti Technologies Ltd.,534758,CIGNITITEC,INE675C01017
Cipla Ltd.,500087,CIPLA,INE059A01026
City Pulse Multiplex Ltd.,542727,CPML,INE056001014
City Union Bank Ltd.,532210,CUB,INE491A01021
CL Educate Ltd.,540403,CLEDUCATE,INE201M01029
Clean Science & Technology Ltd.,543318,CLEAN,INE227W01023
CMS Info Systems Ltd.,543441,CMSINFO,INE925R01014
Coal India Ltd.,533278,COALINDIA,INE522F01014
Cochin Shipyard Ltd.,540678,COCHINSHIP,INE704P01025
Coffee Day Enterprises Ltd.,539436,COFFEEDAY,INE335K01011
Coforge Ltd.,532541,COFORGE,INE591G01017
Colab Platforms Ltd.,542866,COLAB,INE317W01022
Colgate-Palmolive (India) Ltd.,500830,COLPAL,INE259A01022
Computer Age Management Services Ltd.,543232,CAMS,INE596I01012
Concord Biotech Ltd.,543960,CONCORDBIO,INE338H01029
Concord Control Systems Ltd.,543619,CNCRD,INE0N0J01014
Concord Enviro Systems Ltd.,544315,CEWATER,INE037Z01029
Confidence Petroleum India Ltd.,526829,CONFIPET,INE552D01024
Consolidated Construction Consortium Ltd.,532902,CCCL,INE429I01024
Consolidated Finvest & Holdings Ltd.,500226,CONSOFINVT,INE025A01027
Container Corporation of India Ltd.,531344,CONCOR,INE111A01025
Control Print Ltd.,522295,CONTROLPR,INE663B01015
Cool Caps Industries Ltd.,,COOLCAPS,INE0HS001010
Coromandel International Ltd.,506395,COROMANDEL,INE169A01031
Cosmic CRF Ltd.,543928,COSMICCRF,INE0ORA01015
Cosmo First Ltd.,508814,COSMOFIRST,INE757A01017
CP Capital Ltd.,533260,CPCAP,INE521J01018
Craftsman Automation Ltd.,543276,CRAFTSMAN,INE00LO01017
Creative Newtech Ltd.,,CREATIVE,INE985W01018
CreditAccess Grameen Ltd.,541770,CREDITACC,INE741K01010
Credo Brands Marketing Ltd.,544058,MUFTI,INE220Q01020
Crest Ventures Ltd.,511413,CREST,INE559D01011
Crisil Ltd.,500092,CRISIL,INE007A01025
Crompton Greaves Consumer Electricals Ltd.,539876,CROMPTON,INE299U01018
Cropster Agro Ltd.,523105,CROPSTER,INE293E01031
CSB Bank Ltd.,542867,CSBBANK,INE679A01013
CSL Finance Ltd.,530067,CSLFINANCE,INE718F01018
Cube Highways Trust,543899,CUBEINVIT,INE0NR623014
Cummins India Ltd.,500480,CUMMINSIND,INE298A01020
Cupid Ltd.,530843,CUPID,INE509F01029
Cyient DLM Ltd.,543933,CYIENTDLM,INE055S01018
Cyient Ltd.,532175,CYIENT,INE136B01020
D P Abhushan Ltd.,544161,DPABHUSHAN,INE266Y01019
Dabur India Ltd.,500096,DABUR,INE016A01026
Dalmia Bharat Ltd.,542216,DALBHARAT,INE00R701025
Dalmia Bharat Sugar and Industries Ltd.,500097,DALMIASUG,INE495A01022
DAM Capital Advisors Ltd.,544316,DAMCAPITAL,INE284H01025
Danish Power Ltd.,,DANISH,INE0YU901016
Danlaw Technologies India Ltd.,532329,DANLAW,INE310B01013
Data Infrastructure Trust,543225,DATAINFRA,INE0BWS23018
Data Patterns (India) Ltd.,543428,DATAPATTNS,INE0IX101010
Datamatics Global Services Ltd.,532528,DATAMATICS,INE365B01017
DB Corp Ltd.,533151,DBCORP,INE950I01011
DCB Bank Ltd.,532772,DCBBANK,INE503A01015
DCM Shriram Industries Ltd.,523369,DCMSRIND,INE843D01027
DCM Shriram Ltd.,523367,DCMSHRIRAM,INE499A01024
DCW Ltd.,500117,DCW,INE500A01029
DCX Systems Ltd.,543650,DCXINDIA,INE0KL801015
Ddev Plastiks Industries Ltd.,543547,DDEVPLSTIK,INE0HR601026
De Neers Tools Ltd.,,DENEERS,INE0JWV01011
Deccan Cements Ltd.,502137,DECCANCE,INE583C01021
Deccan Gold Mines Ltd.,512068,DECNGOLD,INE945F01025
DEE Development Engineers Ltd.,544198,DEEDEV,INE841L01016
Deep Industries Ltd.,543288,DEEPINDS,INE0FHS01024
Deepak Builders & Engineers India Ltd.,544276,DBEIL,INE0OPA01019
Deepak Fertilisers & Petrochemicals Corporation Ltd.,500645,DEEPAKFERT,INE501A01019
Deepak Nitrite Ltd.,506401,DEEPAKNTR,INE288B01029
Delhivery Ltd.,543529,DELHIVERY,INE148O01028
Delta Corp Ltd.,532848,DELTACORP,INE124G01033
Delton Cables Ltd.,504240,DLTNCBL,INE872E01016
Den Networks Ltd.,533137,DEN,INE947J01015
Denta Water and Infra Solutions Ltd.,544345,DENTA,INE0R4L01018
Devyani International Ltd.,543330,DEVYANI,INE872J01023
Dhampur Sugar Mills Ltd.,500119,DHAMPURSUG,INE041A01016
Dhani Services Ltd.,532960,DHANI,INE274G01010
Dhanlaxmi Bank Ltd.,532180,DHANBANK,INE680A01011
Dhanuka Agritech Ltd.,507717,DHANUKA,INE435G01025
Dharmaj Crop Guard Ltd.,543687,DHARMAJ,INE00OQ01016
Dhunseri Investments Ltd.,533336,DHUNINV,INE320L01011
Dhunseri Ventures Ltd.,523736,DVL,INE477B01010
Diamond Power Infrastructure Ltd.,522163,DIACABS,INE989C01038
DIC India Ltd.,500089,DICIND,INE303A01010
Diffusion Engineers Ltd.,544264,DIFFNKG,INE184O01015
Dilip Buildcon Ltd.,540047,DBL,INE917M01012
Disa India Ltd.,500068,DISAQ,INE131C01011
Dish TV India Ltd.,532839,DISHTV,INE836F01026
Dishman Carbogen Amcis Ltd.,540701,DCAL,INE385W01011
Divgi Torqtransfer Systems Ltd.,543812,DIVGIITTS,INE753U01022
Divi's Laboratories Ltd.,532488,DIVISLAB,INE361B01024
Dixon Technologies (India) Ltd.,540699,DIXON,INE935N01020
DLF Ltd.,532868,DLF,INE271C01023
D-Link (India) Ltd.,533146,DLINKINDIA,INE250K01012
DMCC Speciality Chemicals Ltd.,506405,DMCC,INE505A01010
Dodla Dairy Ltd.,543306,DODLA,INE021O01019
Dolat Algotech Ltd.,505526,DOLATALGO,INE966A01022
Dollar Industries Ltd.,541403,DOLLAR,INE325C01035
Dolphin Offshore Enterprises (India) Ltd.,522261,DOLPHIN,INE920A01037
DOMS Industries Ltd.,544045,DOMS,INE321T01012
Donear Industries Ltd.,512519,DONEAR,INE668D01028
Dr. Agarwal's Eye Hospital Ltd.,526783,DRAGARWQ,INE934C01018
Dr. Agarwals Health Care Ltd.,544350,AGARWALEYE,INE943P01029
Dr. Lal Pathlabs Ltd.,539524,LALPATHLAB,INE600L01024
Dr. Reddy's Laboratories Ltd.,500124,DRREDDY,INE089A01031
Dreamfolks Services Ltd.,543591,DREAMFOLKS,INE0JS101016
Dredging Corporation Of India Ltd.,523618,DREDGECORP,INE506A01018
Dwarikesh Sugar Industries Ltd.,532610,DWARKESH,INE366A01041
Dynacons Systems & Solutions Ltd.,532365,DSSL,INE417B01040
Dynamatic Technologies Ltd.,505242,DYNAMATECH,INE221B01012
Dynamic Cables Ltd.,540795,DYCL,INE600Y01019
E2E Networks Ltd.,,E2E,INE255Z01019
Easy Trip Planners Ltd.,543272,EASEMYTRIP,INE07O001026
eClerx Services Ltd.,532927,ECLERX,INE738I01010
Eco Recycling Ltd.,530643,ECORECO,INE316A01038
Ecos (India) Mobility & Hospitality Ltd.,544239,ECOSMOBLTY,INE06HJ01020
Edelweiss Financial Services Ltd.,532922,EDELWEISS,INE532F01054
EFC (I) Ltd.,512008,EFCIL,INE886D01026
Effwa Infra & Research Ltd.,,EFFWA,INE0U9101019
Eicher Motors Ltd.,505200,EICHERMOT,INE066A01021
EID Parry (India) Ltd.,500125,EIDPARRY,INE126A01031
EIH Associated Hotels Ltd.,523127,EIHAHOTELS,INE276C01014
EIH Ltd.,500840,EIHOTEL,INE230A01023
Eimco Elecon (India) Ltd.,523708,EIMCOELECO,INE158B01016
Elantas Beck India Ltd.,500123,ELANTAS,INE280B01018
Elcid Investments Ltd.,503681,ELCIDIN,INE927X01018
Eldeco Housing & Industries Ltd.,523329,ELDEHSG,INE668G01021
Elecon Engineering Company Ltd.,505700,ELECON,INE205B01031
Electronics Mart India Ltd.,543626,EMIL,INE02YR01019
Electrosteel Castings Ltd.,500128,ELECTCAST,INE086A01029
Electrotherm (India) Ltd.,526608,ELECTHERM,INE822G01016
Elgi Equipments Ltd.,522074,ELGIEQUIP,INE285A01027
Elin Electronics Ltd.,543725,ELIN,INE050401020
Elitecon International Ltd.,539533,ELITECON,INE669R01018
Elpro International Ltd.,504000,ELPROINTL,INE579B01039
Emami Ltd.,531162,EMAMILTD,INE548C01032
Emami Paper Mills Ltd.,533208,EMAMIPAP,INE830C01026
Emami Realty Ltd.,533218,EMAMIREAL,INE778K01012
Embassy Developments Ltd.,532832,EMBDL,INE069I01010
Embassy Office Parks REIT,542602,EMBASSY,INE041025011
Emcure Pharmaceuticals Ltd.,544210,EMCURE,INE168P01015
Emkay Global Financial Services Ltd.,532737,EMKAY,INE296H01011
Empire Industries Ltd.,509525,EMPIND,INE515H01014
EMS Ltd.,543983,EMSLIMITED,INE0OV601013
eMudhra Ltd.,543533,EMUDHRA,INE01QM01018
Endurance Technologies Ltd.,540153,ENDURANCE,INE913H01037
Energy Infrastructure Trust,542543,ENERGYINF,INE05KD23015
Engineers India Ltd.,532178,ENGINERSIN,INE510A01028
Enkei Wheels (India) Ltd.,533477,ENKEIWHEL,INE130L01014
Entero Healthcare Solutions Ltd.,544122,ENTERO,INE010601016
Entertainment Network (India) Ltd.,532700,ENIL,INE265F01028
Enviro Infra Engineers Ltd.,544290,EIEL,INE0LLY01014
EPACK Durables Ltd.,544095,EPACK,INE0G5901015
Epigral Ltd.,543332,EPIGRAL,INE071N01016
EPL Ltd.,500135,EPL,INE255A01020
Equitas Small Finance Bank Ltd.,543243,EQUITASBNK,INE063P01018
Eraaya Lifespaces Ltd.,531035,ERAAYA,INE432F01032
Eris Lifesciences Ltd.,540596,ERIS,INE406M01024
Esab India Ltd.,500133,ESABINDIA,INE284A01012
ESAF Small Finance Bank Ltd.,544020,ESAFSFB,INE818W01011
Escorts Kubota Ltd.,500495,ESCORTS,INE042A01014
Espire Hospitality Ltd.,532016,ESPIRE,INE176O01011
Essar Shipping Ltd.,533704,ESSARSHPNG,INE122M01019
Essen Speciality Films Ltd.,,ESFL,INE0ITO01014
Ester Industries Ltd.,500136,ESTER,INE778B01029
Eternal Ltd.,543320,ETERNAL,INE758T01015
Ethos Ltd.,543532,ETHOSLTD,INE04TZ01018
Eureka Forbes Ltd.,543482,EUREKAFORB,INE0KCE01017
Eveready Industries India Ltd.,531508,EVEREADY,INE128A01029
Everest Industries Ltd.,508906,EVERESTIND,INE295A01018
Everest Kanto Cylinder Ltd.,532684,EKC,INE184H01027
Evexia Lifecare Ltd.,524444,EVEXIA,INE313M01030
Excel Industries Ltd.,500650,EXCELINDUS,INE369A01029
Exicom Tele-Systems Ltd.,544133,EXICOM,INE777F01014
Exide Industries Ltd.,500086,EXIDEIND,INE302A01020
Expleo Solutions Ltd.,533121,EXPLEOSOL,INE201K01015
Fairchem Organics Ltd.,543252,FAIRCHEMOR,INE0DNW01011
Faze Three Ltd.,530079,FAZE3Q,INE963C01033
FDC Ltd.,531599,FDC,INE258B01022
Fedbank Financial Services Ltd.,544027,FEDFINA,INE007N01010
Fedders Holding Ltd.,511628,FEDDERSHOL,INE417D01020
Federal Bank Ltd.,500469,FEDERALBNK,INE171A01029
Federal-Mogul Goetze (India) Ltd.,505744,FMGOETZE,INE529A01010
Fermenta Biotech Ltd.,506414,FERMENTA,INE225B01021
FIEM Industries Ltd.,532768,FIEMIND,INE737H01014
Filatex India Ltd.,526227,FILATEX,INE816B01035
Fine Organic Industries Ltd.,541557,FINEORG,INE686Y01026
Fineotex Chemical Ltd.,533333,FCL,INE045J01026
Finkurve Financial Services Ltd.,508954,FINKURVE,INE734I01027
Fino Payments Bank Ltd.,543386,FINOPB,INE02NC01014
Finolex Cables Ltd.,500144,FINCABLES,INE235A01022
Finolex Industries Ltd.,500940,FINPIPE,INE183A01024
Firstsource Solutions Ltd.,532809,FSL,INE684F01012
Fischer Medical Ventures Ltd.,524743,FISCHER,INE771F01025
Five-Star Business Finance Ltd.,543663,FIVESTAR,INE128S01021
Flair Writing Industries Ltd,544030,FLAIR,INE00Y201027
Foce India Ltd.,,FOCE,INE0I7D01019
Focus Lighting and Fixtures Ltd.,,FOCUS,INE593W01028
Foods & Inns Ltd.,507552,FOODSIN,INE976E01023
Forbes Precision Tools and Machine Parts Ltd.,544186,TOTEM,INE0TT901016
Force Motors Ltd.,500033,FORCEMOT,INE451A01017
Fortis Healthcare Ltd.,532843,FORTIS,INE061F01013
Foseco India Ltd.,500150,FOSECOIND,INE519A01011
Fratelli Vineyards Ltd.,541741,FRATELLI,INE401Z01019
Frontier Springs Ltd.,522195,FRONTSP,INE572D01014
FSN E-Commerce Ventures Ltd.,543384,NYKAA,INE388Y01029
Fusion Finance Ltd.,543652,FUSION,INE139R01012
G M Breweries Ltd.,507488,GMBREW,INE075D01018
G R Infraprojects Ltd.,543317,GRINFRA,INE201P01022
Gabriel India Ltd.,505714,GABRIEL,INE524A01029
GAIL (India) Ltd.,532155,GAIL,INE129A01019
Gala Precision Engineering Ltd.,544244,GALAPREC,INE0RE001014
Galaxy Surfactants Ltd.,540935,GALAXYSURF,INE600K01018
Gallantt Ispat Ltd.,532726,GALLANTT,INE297H01019
Gandhar Oil Refinery (India) Ltd.,544029,GANDHAR,INE717W01049
Gandhi Special Tubes Ltd.,513108,GANDHITUBE,INE524B01027
Ganesh Benzoplast Ltd.,500153,GANESHBE,INE388A01029
Ganesh Green Bharat Ltd.,,GGBL,INE0R8C01018
Ganesh Housing Corporation Ltd.,526367,GANESHHOUC,INE460C01014
Ganesh Infraworld Ltd.,,GANESHIN,INE0TVT01024
Ganesha Ecosphere Ltd.,514167,GANECOS,INE845D01014
Garden Reach Shipbuilders & Engineers Ltd.,542011,GRSE,INE382Z01011
Garuda Construction and Engineering Ltd.,544271,GARUDA,INE0JVO01026
Garware Hi-Tech Films Ltd.,500655,GRWRHITECH,INE291A01017
Garware Technical Fibres Ltd.,509557,GARFIBRES,INE276A01018
Gateway Distriparks Ltd.,543489,GATEWAY,INE079J01017
GE Power India Ltd.,532309,GEPIL,INE878A01011
GE Vernova T&D India Ltd.,522275,GVT&D,INE200A01026
GeeCee Ventures Ltd.,532764,GEECEE,INE916G01016
General Insurance Corporation of India,540755,GICRE,INE481Y01014
Genesys International Corporation Ltd.,506109,GENESYS,INE727B01026
Genus Power Infrastructures Ltd.,530343,GENUSPOWER,INE955D01029
Geojit Financial Services Ltd.,532285,GEOJITFSL,INE007B01023
GFL Ltd.,500173,GFLLIMITED,INE538A01037
GHCL Ltd.,500171,GHCL,INE539A01019
GHCL Textiles Ltd.,543918,GHCLTEXTIL,INE0PA801013
GHV Infra Projects Ltd.,505504,GHVINFRA,INE809Q01012
GIC Housing Finance Ltd.,511676,GICHSGFIN,INE289B01019
Gillette India Ltd.,507815,GILLETTE,INE322A01010
GKW Ltd.,504704,GKWLIMITED,INE528A01020
Gland Pharma Ltd.,543245,GLAND,INE068V01023
GlaxoSmithKline Pharmaceuticals Ltd.,500660,GLAXO,INE159A01016
Glenmark Pharmaceuticals Ltd.,532296,GLENMARK,INE935A01035
Global Health Ltd.,543654,MEDANTA,INE474Q01031
Global Surfaces Ltd.,543829,GSLSU,INE0JSX01015
Globus Spirits Ltd.,533104,GLOBUSSPR,INE615I01010
Gloster Ltd.,542351,GLOSTERLTD,INE350Z01018
GMM Pfaudler Ltd.,505255,GMMPFAUDLR,INE541A01023
GMR Airports Ltd.,532754,GMRAIRPORT,INE776C01039
GMR Power and Urban Infra Ltd.,543490,GMRP&UI,INE0CU601026
GNA Axles Ltd.,540124,GNA,INE934S01014
Go Digit General Insurance Ltd.,544179,GODIGIT,INE03JT01014
Go Fashion (India) Ltd.,543401,GOCOLORS,INE0BJS01011
GOCL Corporation Ltd.,506480,GOCLCORP,INE077F01035
Godavari Biorefineries Ltd.,544279,GODAVARIB,INE497S01012
Godawari Power & Ispat Ltd.,532734,GPIL,INE177H01039
Godfrey Phillips India Ltd.,500163,GODFRYPHLP,INE260B01028
Godrej Agrovet Ltd.,540743,GODREJAGRO,INE850D01014
Godrej Consumer Products Ltd.,532424,GODREJCP,INE102D01028
Godrej Industries Ltd.,500164,GODREJIND,INE233A01035
Godrej Properties Ltd.,533150,GODREJPROP,INE484J01027
Gokaldas Exports Ltd.,532630,GOKEX,INE887G01027
Gokul Agro Resources Ltd.,539725,GOKULAGRO,INE314T01025
Goldiam International Ltd.,526729,GOLDIAM,INE025B01025
Goodluck India Ltd.,530655,GOODLUCK,INE127I01024
Goodyear India Ltd.,500168,GOODYEAR,INE533A01012
Gopal Snacks Ltd.,544140,GOPAL,INE0L9R01028
GPT Healthcare Ltd.,544131,GPTHEALTH,INE486R01017
GPT Infraprojects Ltd.,533761,GPTINFRA,INE390G01014
Granules India Ltd.,532482,GRANULES,INE101D01020
Graphite India Ltd.,509488,GRAPHITE,INE371A01025
Grasim Industries Ltd.,500300,GRASIM,INE047A01021
Grauer & Weil (India) Ltd.,505710,GRAUWEIL,INE266D01021
Gravita India Ltd.,533282,GRAVITA,INE024L01027
Great Eastern Shipping Company Ltd.,500620,GESHIP,INE017A01032
Greaves Cotton Ltd.,501455,GREAVESCOT,INE224A01026
Greenlam Industries Ltd.,538979,GREENLAM,INE544R01021
Greenpanel Industries Ltd.,542857,GREENPANEL,INE08ZM01014
Greenply Industries Ltd.,526797,GREENPLY,INE461C01038
Gretex Corporate Services Ltd.,543324,GCSL,INE199P01028
Grindwell Norton Ltd.,506076,GRINDWELL,INE536A01023
GRM Overseas Ltd.,531449,GRMOVER,INE192H01020
GRP Ltd.,509152,GRPLTD,INE137I01015
GTL Infrastructure Ltd.,532775,GTLINFRA,INE221H01019
GTPL Hathway Ltd.,540602,GTPL,INE869I01013
Gufic BioSciences Ltd.,509079,GUFICBIO,INE742B01025
Gujarat Alkalies & Chemicals Ltd.,530001,GUJALKALI,INE186A01019
Gujarat Ambuja Exports Ltd.,524226,GAEL,INE036B01030
Gujarat Fluorochemicals Ltd.,542812,FLUOROCHEM,INE09N301011
Gujarat Gas Ltd.,539336,GUJGASLTD,INE844O01030
Gujarat Industries Power Company Ltd.,517300,GIPCL,INE162A01010
Gujarat Mineral Development Corporation Ltd.,532181,GMDCLTD,INE131A01031
Gujarat Narmada Valley Fertilizers & Chemicals Ltd.,500670,GNFC,INE113A01013
Gujarat Natural Resources Ltd.,513536,GNRL,INE207H01018
Gujarat Pipavav Port Ltd.,533248,GPPL,INE517F01014
Gujarat State Fertilizer & Chemicals Ltd.,500690,GSFC,INE026A01025
Gujarat State Petronet Ltd.,532702,GSPL,INE246F01010
Gujarat Themis Biosyn Ltd.,506879,GUJTHEM,INE942C01045
Gulf Oil Lubricants India Ltd.,538567,GULFOILLUB,INE635Q01029
Gulshan Polyols Ltd.,532457,GULPOLY,INE255D01024
GVK Power & Infrastructure Ltd.,532708,GVKPIL,INE251H01024
Haldyn Glass Ltd.,515147,HALDYNGL,INE506D01020
Hampton Sky Realty Ltd.,526407,HAMPTON,INE299D01022
Happiest Minds Technologies Ltd.,543227,HAPPSTMNDS,INE419U01012
Happy Forgings Ltd.,544057,HAPPYFORGE,INE330T01021
Hardwyn India Ltd.,541276,HARDWYN,INE626Z01029
Hariom Pipe Industries Ltd.,543517,HARIOMPIPE,INE00EV01017
Harsha Engineers International Ltd.,543600,HARSHA,INE0JUS01029
Hathway Cable & Datacom Ltd.,533162,HATHWAY,INE982F01036
Hatsun Agro Products Ltd.,531531,HATSUN,INE473B01035
Havells India Ltd.,517354,HAVELLS,INE176B01034
Hawkins Cookers Ltd.,508486,HAWKINCOOK,INE979B01015
Hazoor Multi Projects Ltd.,532467,HAZOOR,INE550F01049
HBL Engineering Ltd.,517271,HBLENGINE,INE292B01021
HCL Technologies Ltd.,532281,HCLTECH,INE860A01027
HDFC Asset Management Company Ltd.,541729,HDFCAMC,INE127D01025
HDFC Bank Ltd.,500180,HDFCBANK,INE040A01034
HDFC Life Insurance Company Ltd.,540777,HDFCLIFE,INE795G01014
Healthcare Global Enterprises Ltd.,539787,HCG,INE075I01017
HEG Ltd.,509631,HEG,INE545A01024
Heidelberg Cement India Ltd.,500292,HEIDELBERG,INE578A01017
Hemisphere Properties India Ltd.,543242,HEMIPROP,INE0AJG01018
Heranba Industries Ltd.,543266,HERANBA,INE694N01015
Hercules Hoists Ltd.,505720,HERCULES,INE688E01024
Heritage Foods Ltd.,519552,HERITGFOOD,INE978A01027
Hero MotoCorp Ltd.,500182,HEROMOTOCO,INE158A01026
Hester Biosciences Ltd.,524669,HESTERBIO,INE782E01017
Heubach Colorants India Ltd.,506390,HEUBACHIND,INE492A01029
Hexa Tradex Ltd.,534328,HEXATRADEX,INE750M01017
Hexaware Technologies Ltd.,544362,HEXT,INE093A01041
HFCL Ltd.,500183,HFCL,INE548A01028
HG Infra Engineering Ltd.,541019,HGINFRA,INE926X01010
Hi-Green Carbon Ltd.,,HIGREEN,INE0PIC01017
Hikal Ltd.,524735,HIKAL,INE475B01022
Himadri Speciality Chemical Ltd.,500184,HSCL,INE019C01026
Himatsingka Seide Ltd.,514043,HIMATSEIDE,INE049A01027
Hind Rectifiers Ltd.,504036,HIRECT,INE835D01023
Hindalco Industries Ltd.,500440,HINDALCO,INE038A01020
Hinduja Global Solutions Ltd.,532859,HGS,INE170I01016
Hindustan Aeronautics Ltd.,541154,HAL,INE066F01020
Hindustan Composites Ltd.,509635,HINDCOMPOS,INE310C01029
Hindustan Construction Company Ltd.,500185,HCC,INE549A01026
Hindustan Copper Ltd.,513599,HINDCOPPER,INE531E01026
Hindustan Foods Ltd.,519126,HNDFDS,INE254N01026
Hindustan Media Ventures Ltd.,533217,HMVL,INE871K01015
Hindustan Motors Ltd.,500500,HINDMOTORS,INE253A01025
Hindustan Oil Exploration Company Ltd.,500186,HINDOILEXP,INE345A01011
Hindustan Petroleum Corporation Ltd.,500104,HINDPETRO,INE094A01015
Hindustan Unilever Ltd.,500696,HINDUNILVR,INE030A01027
Hindustan Zinc Ltd.,500188,HINDZINC,INE267A01025
Hindware Home Innovation Ltd.,542905,HINDWAREAP,INE05AN01011
Hitachi Energy India Ltd.,543187,POWERINDIA,INE07Y701011
Hi-Tech Pipes Ltd.,543411,HITECH,INE106T01025
HLE Glascoat Ltd.,522215,HLEGLAS,INE461D01028
HLV Ltd.,500193,HLVLTD,INE102A01024
HMA Agro Industries Ltd.,543929,HMAAGRO,INE0ECP01024
HMT Ltd.,500191,HMT,INE262A01018
Home First Finance Company India Ltd.,543259,HOMEFIRST,INE481N01025
Honasa Consumer Ltd.,544014,HONASA,INE0J5401028
Honda India Power Products Ltd.,522064,HONDAPOWER,INE634A01018
Honeywell Automation India Ltd.,517174,HONAUT,INE671A01010
Housing and Urban Development Corporation Ltd.,540530,HUDCO,INE031A01017
HP Adhesives Ltd.,543433,HPAL,INE0GSL01024
HPL Electric & Power Ltd.,540136,HPL,INE495S01016
Hubtown Ltd.,532799,HUBTOWN,INE703H01016
Huhtamaki India Ltd.,509820,HUHTAMAKI,INE275B01026
Hyundai Motor India Ltd.,544274,HYUNDAI,INE0V6F01027
I G Petrochemicals Ltd.,500199,IGPL,INE204A01010
ICE Make Refrigeration Ltd.,,ICEMAKE,INE520Y01019
ICICI Bank Ltd.,532174,ICICIBANK,INE090A01021
ICICI Lombard General Insurance Company Ltd.,540716,ICICIGI,INE765G01017
ICICI Prudential Life Insurance Company Ltd.,540133,ICICIPRULI,INE726G01019
ICRA Ltd.,532835,ICRA,INE725G01011
IDBI Bank Ltd.,500116,IDBI,INE008A01015
ideaForge Technology Ltd.,543932,IDEAFORGE,INE349Y01013
IDFC First Bank Ltd.,539437,IDFCFIRSTB,INE092T01019
IFB Industries Ltd.,505726,IFBIND,INE559A01017
IFCI Ltd.,500106,IFCI,INE039A01010
IFGL Refractories Ltd.,540774,IFGLEXPOR,INE133Y01011
Igarashi Motors India Ltd.,517380,IGARASHI,INE188B01013
IIFL Capital Services Ltd.,542773,IIFLCAPS,INE489L01022
IIFL Finance Ltd.,532636,IIFL,INE530B01024
IIRM Holdings India Ltd.,526530,IIRM,INE670C01026
IKIO Lighting Ltd.,543923,IKIO,INE0LOJ01019
IL&FS Engineering & Construction Company Ltd.,532907,IL&FSENGG,INE369I01014
Imagicaaworld Entertainment Ltd.,539056,IMAGICAA,INE172N01012
Indef Manufacturing Ltd.,544364,BAJAJINDEF,INE0O9T01021
Indegene Ltd.,544172,INDGN,INE065X01017
India Cements Ltd.,530005,INDIACEM,INE383A01012
India Glycols Ltd.,500201,INDIAGLYCO,INE560A01015
India Motor Parts & Accessories Ltd.,590065,IMPAL,INE547E01014
India Nippon Electricals Ltd.,532240,INDNIPPON,INE092B01025
India Pesticides Ltd.,543311,IPL,INE0D6701023
India Power Corporation Ltd.,,DPSCLTD,INE360C01024
India Shelter Finance Corporation Ltd.,544044,INDIASHLTR,INE922K01024
India Tourism Development Corporation Ltd.,532189,ITDC,INE353K01014
IndiaMART InterMESH Ltd.,542726,INDIAMART,INE933S01016
Indian Bank,532814,INDIANB,INE562A01011
Indian Energy Exchange Ltd.,540750,IEX,INE022Q01020
Indian Hotels Company Ltd.,500850,INDHOTEL,INE053A01029
Indian Hume Pipe Company Ltd.,504741,INDIANHUME,INE323C01030
Indian Metals & Ferro Alloys Ltd.,533047,IMFA,INE919H01018
Indian Oil Corporation Ltd.,530965,IOC,INE242A01010
Indian Overseas Bank,532388,IOB,INE565A01014
Indian Railway Catering & Tourism Corporation Ltd.,542830,IRCTC,INE335Y01020
Indian Railway Finance Corporation Ltd.,543257,IRFC,INE053F01010
Indian Renewable Energy Development Agency Ltd.,544026,IREDA,INE202E01016
Indigo Paints Ltd.,543258,INDIGOPNTS,INE09VQ01012
IndiGrid Infrastructure Trust,540565,INDIGRID,INE219X23014
Indo Amines Ltd.,524648,INDOAMIN,INE760F01028
Indo Borax & Chemicals Ltd.,524342,INDOBORAX,INE803D01021
Indo Count Industries Ltd.,521016,ICIL,INE483B01026
Indo Farm Equipment Ltd.,544328,INDOFARM,INE622H01018
Indo Rama Synthetics (India) Ltd.,500207,INDORAMA,INE156A01020
Indo Tech Transformers Ltd.,532717,INDOTECH,INE332H01014
Indo Thai Securities Ltd.,533676,INDOTHAI,INE337M01013
Indoco Remedies Ltd.,532612,INDOCO,INE873D01024
Indostar Capital Finance Ltd.,541336,INDOSTAR,INE896L01010
Indraprastha Gas Ltd.,532514,IGL,INE203G01027
Indraprastha Medical Corporation Ltd.,532150,INDRAMEDCO,INE681B01017
Ind-Swift Laboratories Ltd.,532305,INDSWFTLAB,INE915B01019
Indus Infra Trust,544137,INDUSINVIT,INE0NHL23019
Indus Towers Ltd.,534816,INDUSTOWER,INE121J01017
IndusInd Bank Ltd.,532187,INDUSINDBK,INE095A01012
Industrial & Prudential Investment Company Ltd.,501298,INDPRUD,INE620D01011
Infibeam Avenues Ltd.,539807,INFIBEAM,INE483S01020
Info Edge (India) Ltd.,532777,NAUKRI,INE663F01024
InfoBeans Technologies Ltd.,543644,INFOBEAN,INE344S01016
Infosys Ltd.,500209,INFY,INE009A01021
Ingersoll-Rand (India) Ltd.,500210,INGERRAND,INE177A01018
Innova Captab Ltd.,544067,INNOVACAP,INE0DUT01020
Innovana Thinklabs Ltd.,544302,INNOVANA,INE403Y01018
Inox Green Energy Services Ltd.,543667,INOXGREEN,INE510W01014
Inox India Ltd.,544046,INOXINDIA,INE616N01034
Inox Wind Energy Ltd.,543297,IWEL,INE0FLR01028
Inox Wind Ltd.,539083,INOXWIND,INE066P01011
Insecticides (India) Ltd.,532851,INSECTICID,INE070I01018
Insolation Energy Ltd,543620,INA,INE0LGX01024
Integra Engineering India Ltd.,505358,INTEGRAEN,INE984B01023
Integrated Industries Ltd.,531889,IIL,INE882B01037
Intellect Design Arena Ltd.,538835,INTELLECT,INE306R01017
Intelligent Supply Chain Infrastructure Trust,544005,ISCITRUST,INE0QSW23016
Interarch Building Products Ltd.,544232,INTERARCH,INE00M901018
InterGlobe Aviation Ltd.,539448,INDIGO,INE646L01027
International Gemmological Institute (India) Ltd.,544311,IGIL,INE0Q9301021
Inventurus Knowledge Solutions Ltd.,544309,IKS,INE115Q01022
IOL Chemicals and Pharmaceuticals Ltd.,524164,IOLCP,INE485C01029
Ion Exchange (India) Ltd.,500214,IONEXCHANG,INE570A01022
Ipca Laboratories Ltd.,524494,IPCALAB,INE571A01038
IRB Infrastructure Developers Ltd.,532947,IRB,INE821I01022
IRB InvIT Fund,540526,IRBINVIT,INE183W23014
Ircon International Ltd.,541956,IRCON,INE962Y01021
IRIS Business Services Ltd.,540735,IRIS,INE864K01010
IRM Energy Ltd.,544004,IRMENERGY,INE07U701015
ISGEC Heavy Engineering Ltd.,533033,ISGEC,INE858B01029
IST Ltd.,508807,ISTLTD,INE684B01029
ITC Hotels Ltd.,544325,ITCHOTELS,INE379A01028
ITC Ltd.,500875,ITC,INE154A01025
ITD Cementation India Ltd.,509496,ITDCEM,INE686A01026
ITI Ltd.,523610,ITI,INE248A01017
J B Chemicals & Pharmaceuticals Ltd.,506943,JBCHEPHARM,INE572A01036
J G Chemicals Ltd.,544138,JGCHEM,INE0MB501011
J Kumar Infraprojects Ltd.,532940,JKIL,INE576I01022
Jagatjit Industries Ltd.,507155,JAGAJITIND,INE574A01016
Jagran Prakashan Ltd.,532705,JAGRAN,INE199G01027
Jagsonpal Pharmaceuticals Ltd.,507789,JAGSNPHARM,INE048B01035
Jai Balaji Industries Ltd.,532976,JAIBALAJI,INE091G01026
Jai Corp Ltd.,512237,JAICORPLTD,INE070D01027
Jain Irrigation Systems Ltd.,500219,JISLJALEQS,INE175A01038
Jaiprakash Associates Ltd.,532532,JPASSOCIAT,INE455F01025
Jaiprakash Power Ventures Ltd.,532627,JPPOWER,INE351F01018
Jammu & Kashmir Bank Ltd.,532209,J&KBANK,INE168A01041
Jamna Auto Industries Ltd.,520051,JAMNAAUTO,INE039C01032
Jana Small Finance Bank Ltd.,544118,JSFB,INE953L01027
Jash Engineering Ltd.,,JASH,INE039O01029
Jay Bee Laminations Ltd.,,JAYBEE,INE0SMY01017
Jay Bharat Maruti Ltd.,520066,JAYBARMARU,INE571B01036
Jayant Agro Organics Ltd.,524330,JAYAGROGN,INE785A01026
Jayaswal Neco Industries Ltd.,522285,JAYNECOIND,INE854B01010
Jaybharat Textiles & Real Estate Ltd.,512233,JAYTEX,INE091E01039
Jaykay Enterprises Ltd.,500306,JAYKAY,INE903A01025
JBM Auto Ltd.,532605,JBMA,INE927D01051
Jeena Sikho Lifecare Ltd.,,JSLL,INE0J5801011
Jindal Drilling & Industries Ltd.,511034,JINDRILL,INE742C01031
Jindal Photo Ltd.,532624,JINDALPHOT,INE796G01012
Jindal Poly Films Ltd.,500227,JINDALPOLY,INE197D01010
Jindal Poly Investment & Finance Company Ltd.,536773,JPOLYINVST,INE147P01019
Jindal Saw Ltd.,500378,JINDALSAW,INE324A01032
Jindal Stainless Ltd.,532508,JSL,INE220G01021
Jindal Steel & Power Ltd.,532286,JINDALSTEL,INE749A01030
Jindal Worldwide Ltd.,531543,JINDWORLD,INE247D01039
Jio Financial Services Ltd.,543940,JIOFIN,INE758E01017
JITF Infralogistics Ltd.,540311,JITFINFRA,INE863T01013
JK Cement Ltd.,532644,JKCEMENT,INE823G01014
JK Lakshmi Cement Ltd.,500380,JKLAKSHMI,INE786A01032
JK Paper Ltd.,532162,JKPAPER,INE789E01012
JK Tyre & Industries Ltd.,530007,JKTYRE,INE573A01042
JM Financial Ltd.,523405,JMFINANCIL,INE780C01023
JNK India Ltd.,544167,JNKINDIA,INE0OAF01028
John Cockerill India Ltd.,500147,COCKERILL,INE515A01019
Johnson Controls-Hitachi Air Conditioning India Ltd.,523398,JCHAC,INE782A01015
Jost's Engineering Company Ltd.,505750,JOSTS,INE636D01041
JSW Energy Ltd.,533148,JSWENERGY,INE121E01018
JSW Holdings Ltd.,532642,JSWHL,INE824G01012
JSW Infrastructure Ltd.,543994,JSWINFRA,INE880J01026
JSW Steel Ltd.,500228,JSWSTEEL,INE019A01038
JTEKT India Ltd.,520057,JTEKTINDIA,INE643A01035
JTL Industries Ltd.,534600,JTLIND,INE391J01032
Jubilant Agri and Consumer Products Ltd.,544355,JUBLCPL,INE03CC01015
Jubilant Foodworks Ltd.,533155,JUBLFOOD,INE797F01020
Jubilant Ingrevia Ltd.,543271,JUBLINGREA,INE0BY001018
Jubilant Pharmova Ltd.,530019,JUBLPHARMA,INE700A01033
Juniper Hotels Ltd.,544129,JUNIPER,INE696F01016
Jupiter Life Line Hospitals Ltd.,543980,JLHL,INE682M01012
Jupiter Wagons Ltd.,533272,JWL,INE209L01016
Just Dial Ltd.,535648,JUSTDIAL,INE599M01018
Jyothy Labs Ltd.,532926,JYOTHYLAB,INE668F01031
Jyoti CNC Automation Ltd.,544081,JYOTICNC,INE980O01024
Jyoti Resins & Adhesives Ltd.,514448,JYOTIRES,INE577D01013
Jyoti Structures Ltd.,513250,JYOTISTRUC,INE197A01024
K P Energy Ltd.,539686,KPEL,INE127T01021
Kabra Extrusion Technik Ltd.,524109,KABRAEXTRU,INE900B01029
Kajaria Ceramics Ltd.,500233,KAJARIACER,INE217B01036
Kalpataru Projects International Ltd.,522287,KPIL,INE220B01022
Kalyan Jewellers India Ltd.,543278,KALYANKJIL,INE303R01014
Kalyani Investment Company Ltd.,533302,KICL,INE029L01018
Kalyani Steels Ltd.,500235,KSL,INE907A01026
Kama Holdings Ltd.,532468,KAMAHOLD,INE411F01010
Kamat Hotels (India) Ltd.,526668,KAMATHOTEL,INE967C01018
Kamdhenu Ltd.,532741,KAMDHENU,INE390H01020
Kansai Nerolac Paints Ltd.,500165,KANSAINER,INE531A01024
Karnataka Bank Ltd.,532652,KTKBANK,INE614B01018
Karnika Industries Ltd.,,KARNIKA,INE0MGA01012
Karur Vysya Bank Ltd.,590003,KARURVYSYA,INE036D01028
Kaveri Seed Company Ltd.,532899,KSCL,INE455I01029
Kaynes Technology India Ltd.,543664,KAYNES,INE918Z01012
KCP Ltd.,590066,KCP,INE805C01028
KDDL Ltd.,532054,KDDL,INE291D01011
KEC International Ltd.,532714,KEC,INE389H01022
KEI Industries Ltd.,517569,KEI,INE878B01027
Kellton Tech Solutions Ltd.,519602,KELLTONTEC,INE164B01022
Kennametal India Ltd.,505890,KENNAMET,INE717A01029
Kernex Microsystems (India) Ltd.,532686,KERNEX,INE202H01019
Kesar India Ltd.,543542,KESAR,INE0L1C01019
Kewal Kiran Clothing Ltd.,532732,KKCL,INE401H01017
Keystone Realtors Ltd.,543669,RUSTOMJEE,INE263M01029
KFIN Technologies Ltd.,543720,KFINTECH,INE138Y01010
Khadim India Ltd.,540775,KHADIM,INE834I01025
Khaitan Chemicals & Fertilizers Ltd.,507794,KHAICHEM,INE745B01028
Khazanchi Jewellers Ltd.,543953,KHAZANCHI,INE0OWC01011
Kilburn Engineering Ltd.,522101,KLBRENG-B,INE338F01015
Kilitch Drugs(I) Ltd.,524500,KILITCH,INE729D01010
Kingfa Science & Technology (India) Ltd.,524019,KINGFA,INE473D01015
KIOCL Ltd.,540680,KIOCL,INE880L01014
Kiran Vyapar Ltd.,537750,KIRANVYPAR,INE555P01013
Kiri Industries Ltd.,532967,KIRIINDUS,INE415I01015
Kirloskar Brothers Ltd.,500241,KIRLOSBROS,INE732A01036
Kirloskar Electric Company Ltd.,533193,KECL,INE134B01017
Kirloskar Ferrous Industries Ltd.,500245,KIRLFER,INE884B01025
Kirloskar Industries Ltd.,500243,KIRLOSIND,INE250A01039
Kirloskar Oil Engines Ltd.,533293,KIRLOSENG,INE146L01010
Kirloskar Pneumatic Company Ltd.,505283,KIRLPNU,INE811A01020
Kisan Mouldings Ltd.,530145,KISAN,INE017C01012
Kitex Garments Ltd.,521248,KITEX,INE602G01020
KMC Speciality Hospitals (India) Ltd.,524520,KMCSHIL,INE879K01018
KN Agri Resources Ltd.,,KNAGRI,INE0KNW01016
Knowledge Marine & Engineering Works Ltd.,543273,KMEW,INE0CJD01011
KNR Constructions Ltd.,532942,KNRCON,INE634I01029
Kody Technolab Ltd.,,KODYTECH,INE0Q7P01013
Kokuyo Camlin Ltd.,523207,KOKUYOCMLN,INE760A01029
Kolte-Patil Developers Ltd.,532924,KOLTEPATIL,INE094I01018
Kopran Ltd.,524280,KOPRAN,INE082A01010
Kotak Mahindra Bank Ltd.,500247,KOTAKBANK,INE237A01028
Kothari Industrial Corporation Ltd.,509732,KOTIC,INE972A01020
Kothari Petrochemicals Ltd.,532096,KOTHARIPET,INE720A01015
Kovai Medical Center and Hospital Ltd.,523323,KOVAI,INE177F01017
KP Green Engineering Ltd.,544150,KPGEL,INE0QVH01025
KPI Green Energy Ltd.,542323,KPIGREEN,INE542W01025
KPIT Technologies Ltd.,542651,KPITTECH,INE04I401011
KPR Mill Ltd.,532889,KPRMILL,INE930H01031
KRBL Ltd.,530813,KRBL,INE001B01026
Krishana Phoschem Ltd.,,KRISHANA,INE506W01012
Krishna Defence and Allied Industries Ltd.,,KRISHNADEF,INE0J5601015
Krishna Institute of Medical Sciences Ltd.,543308,KIMS,INE967H01025
Kriti Industries (India) Ltd.,526423,KRITI,INE479D01038
Kriti Nutrients Ltd.,533210,KRITINUT,INE798K01010
KRN Heat Exchanger and Refrigeration Ltd.,544263,KRN,INE0Q3J01015
Kronox Lab Sciences Ltd.,544187,KRONOX,INE0ATZ01017
Kross Ltd.,544253,KROSS,INE0O6601022
Krsnaa Diagnostics Ltd.,543328,KRSNAA,INE08LI01020
Krystal Integrated Services Ltd.,544149,KRYSTAL,INE0QN801017
KSB Ltd.,500249,KSB,INE999A01023
KSE Ltd.,519421,KSE,INE953E01014
Ksolves India Ltd.,543599,KSOLVES,INE0D6I01023
Kuantum Papers Ltd.,532937,KUANTUM,INE529I01021
Kwality Pharmaceuticals Ltd.,539997,KPL,INE552U01010
L&T Finance Ltd.,533519,LTF,INE498L01015
L&T Technology Services Ltd.,540115,LTTS,INE010V01017
La Opala RG Ltd.,526947,LAOPALA,INE059D01020
Landmark Cars Ltd.,543714,LANDMARK,INE559R01029
Larsen & Toubro Ltd.,500510,LT,INE018A01030
Last Mile Enterprises Ltd.,526961,LASTMILE,INE404B01022
Latent View Analytics Ltd.,543398,LATENTVIEW,INE0I7C01011
Laurus Labs Ltd.,540222,LAURUSLABS,INE947Q01028
Laxmi Dental Ltd.,544339,LAXMIDENTL,INE0WO601020
Laxmi Goldorna House Ltd.,,LGHL,INE258Y01016
Laxmi Organic Industries Ltd.,543277,LXCHEM,INE576O01020
Le Merite Exports Ltd.,,LEMERITE,INE0G1L01017
LE Travenues Technology Ltd.,544192,IXIGO,INE0HV901016
Lemon Tree Hotels Ltd.,541233,LEMONTREE,INE970X01018
LG Balakrishnan & Bros Ltd.,500250,LGBBROSLTD,INE337A01034
Liberty Shoes Ltd.,526596,LIBERTSHOE,INE557B01019
LIC Housing Finance Ltd.,500253,LICHSGFIN,INE115A01026
Life Insurance Corporation of India,543526,LICI,INE0J1Y01017
Likhitha Infrastructure Ltd.,543240,LIKHITHA,INE060901027
Linc Ltd.,531241,LINC,INE802B01027
Lincoln Pharmaceuticals Ltd.,531633,LINCOLN,INE405C01035
Linde India Ltd.,523457,LINDEINDIA,INE473A01011
Lloyds Engineering Works Ltd.,539992,LLOYDSENGG,INE093R01011
Lloyds Enterprises Ltd.,512463,LLOYDSENT,INE080I01025
Lloyds Metals & Energy Ltd.,512455,LLOYDSME,INE281B01032
LMW Ltd.,500252,LMW,INE269B01029
Lotus Chocolate Company Ltd.,523475,LOTUSCHO,INE026D01011
LS Industries Ltd.,514446,LSIND,INE345D01031
LT Foods Ltd.,532783,LTFOODS,INE818H01020
LTIMindtree Ltd.,540005,LTIM,INE214T01019
Lucent Industries Ltd.,539682,LUCENT,INE622Q01019
Lumax Auto Technologies Ltd.,532796,LUMAXTECH,INE872H01027
Lumax Industries Ltd.,517206,LUMAXIND,INE162B01018
Lupin Ltd.,500257,LUPIN,INE326A01037
Lux Industries Ltd.,539542,LUXIND,INE150G01020
M M Forgings Ltd.,522241,MMFL,INE227C01017
Mac Charles (India) Ltd.,507836,MCCHRLS-B,INE435D01014
Macfos Ltd.,543787,ROBU,INE0OLH01013
Macpower CNC Machines Ltd.,,MACPOWER,INE155Z01011
Macrotech Developers Ltd.,543287,LODHA,INE670K01029
Madhuveer Com 18 Network Ltd.,531910,MADHUVEER,INE312M01016
Madhya Bharat Agro Products Ltd.,,MBAPL,INE900L01010
Madras Fertilizers Ltd.,590134,MADRASFERT,INE414A01015
Mafatlal Industries Ltd.,500264,MAFATIND,INE270B01035
Magadh Sugar & Energy Ltd.,540650,MAGADSUGAR,INE347W01011
Magellanic Cloud Ltd.,538891,MCLOUD,INE613C01026
Mahanagar Gas Ltd.,539957,MGL,INE002S01010
Mahanagar Telephone Nigam Ltd.,500108,MTNL,INE153A01019
Maharashtra Scooters Ltd.,500266,MAHSCOOTER,INE288A01013
Maharashtra Seamless Ltd.,500265,MAHSEAMLES,INE271B01025
Mahindra & Mahindra Financial Services Ltd.,532720,M&MFIN,INE774D01024
Mahindra & Mahindra Ltd.,500520,M&M,INE101A01026
Mahindra Holidays & Resorts India Ltd.,533088,MHRIL,INE998I01010
Mahindra Lifespace Developers Ltd.,532313,MAHLIFE,INE813A01018
Mahindra Logistics Ltd.,540768,MAHLOG,INE766P01016
Maithan Alloys Ltd.,590078,MAITHANALL,INE683C01011
Mallcom (India) Ltd.,539400,MALLCOM,INE389C01015
Mamata Machinery Ltd.,544318,MAMATA,INE0TO701015
Man Industries (India) Ltd.,513269,MANINDS,INE993A01026
Man Infraconstruction Ltd.,533169,MANINFRA,INE949H01023
Manaksia Coated Metals & Industries Ltd.,539046,MANAKCOAT,INE830Q01018
Manali Petrochemicals Ltd.,500268,MANALIPETC,INE201A01024
Manappuram Finance Ltd.,531213,MANAPPURAM,INE522D01027
Manba Finance Ltd.,544262,MANBA,INE939X01013
Mangalam Cement Ltd.,502157,MANGLMCEM,INE347A01017
Mangalore Chemicals & Fertilizers Ltd.,530011,MANGCHEFER,INE558B01017
Mangalore Refinery And Petrochemicals Ltd.,500109,MRPL,INE103A01014
Mankind Pharma Ltd.,543904,MANKIND,INE634S01028
Manoj Vaibhav Gems N Jewellers Ltd.,543995,MVGJL,INE0KNT01012
Manorama Industries Ltd.,541974,MANORAMA,INE00VM01036
Marathon Nextgen Realty Ltd.,503101,MARATHON,INE182D01020
Marico Ltd.,531642,MARICO,INE196A01026
Marine Electricals (India) Ltd.,,MARINE,INE01JE01028
Marksans Pharma Ltd.,524404,MARKSANS,INE750C01026
Marsons Ltd.,517467,MARSONS,INE415B01044
Maruti Suzuki India Ltd.,532500,MARUTI,INE585B01010
Mas Financial Services Ltd.,540749,MASFIN,INE348L01012
Mastek Ltd.,523704,MASTEK,INE759A01021
Master Trust Ltd.,511768,MASTERTR,INE677D01037
Matrimony.com Ltd.,540704,MATRIMONY,INE866R01028
Max Estates Ltd.,544008,MAXESTATES,INE03EI01018
Max Financial Services Ltd.,500271,MFSL,INE180A01020
Max Healthcare Institute Ltd.,543220,MAXHEALTH,INE027H01010
Max India Ltd.,543223,MAXIND,INE0CG601016
Mayur Uniquoters Ltd.,522249,MAYURUNIQ,INE040D01038
Mazagon Dock Shipbuilders Ltd.,543237,MAZDOCK,INE249Z01020
Mazda Ltd.,523792,MAZDA,INE885E01042
MBL Infrastructure Ltd.,533152,MBLINFRA,INE912H01013
Medi Assist Healthcare Services Ltd.,544088,MEDIASSIST,INE456Z01021
Media Matrix Worldwide Ltd.,512267,MMWL,INE200D01020
Medicamen Biotech Ltd.,531146,MEDICAMEQ,INE646B01010
Medplus Health Services Ltd.,543427,MEDPLUS,INE804L01022
Megatherm Induction Ltd.,,MEGATHERM,INE531R01010
Meghmani Organics Ltd.,543331,MOL,INE0CT101020
Meghna Infracon Infrastructure Ltd.,538668,MIIL,INE898Q01015
Menon Bearings Ltd.,523828,MENONBE,INE071D01033
Mercury Ev-Tech Ltd.,531357,MERCURYEV,INE763M01028
Metro Brands Ltd.,543426,METROBRAND,INE317I01021
Metropolis Healthcare Ltd.,542650,METROPOLIS,INE112L01020
MIC Electronics Ltd.,532850,MICEL,INE287C01037
Minda Corporation Ltd.,538962,MINDACORP,INE842C01021
Mindspace Business Parks REIT,543217,MINDSPACE,INE0CCU25019
Mindteck (India) Ltd.,517344,MINDTECK,INE110B01017
Mishra Dhatu Nigam Ltd.,541195,MIDHANI,INE099Z01011
Mishtann Foods Ltd.,539594,MISHTANN,INE094S01041
Mkventures Capital Ltd.,514238,MKVENTURES,INE874A01010
MMP Industries Ltd.,,MMP,INE511Y01018
MMTC Ltd.,513377,MMTC,INE123F01029
Modi Naturals Ltd.,519003,MODINATUR,INE537F01012
MOIL Ltd.,533286,MOIL,INE490G01020
Mold-Tek Packaging Ltd.,533080,MOLDTKPAC,INE893J01029
Monarch Networth Capital Ltd.,511551,MONARCH,INE903D01011
Moneyboxx Finance Ltd.,538446,MONEYBOXX,INE296Q01012
Monte Carlo Fashions Ltd.,538836,MONTECARLO,INE950M01013
Morepen Laboratories Ltd.,500288,MOREPENLAB,INE083A01026
Morganite Crucible (India) Ltd.,523160,MORGANITE,INE599F01020
MOS Utility Ltd.,,MOS,INE0N7S01010
MosChip Technologies Ltd.,532407,MOSCHIP,INE935B01025
Motherson Sumi Wiring India Ltd.,543498,MSUMI,INE0FS801015
Motilal Oswal Financial Services Ltd.,532892,MOTILALOFS,INE338I01027
Motisons Jewellers Ltd.,544053,MOTISONS,INE0FRK01020
MphasiS Ltd.,526299,MPHASIS,INE356A01018
MPS Ltd.,532440,MPSLTD,INE943D01017
MRF Ltd.,500290,MRF,INE883A01011
Mrs. Bectors Food Specialities Ltd.,543253,BECTORFOOD,INE495P01012
MSP Steel & Power Ltd.,532650,MSPL,INE752G01015
MSTC Ltd.,542597,MSTCLTD,INE255X01014
MTAR Technologies Ltd.,543270,MTARTECH,INE864I01014
Mufin Green Finance Ltd.,542774,MUFIN,INE08KJ01020
Mukand Ltd.,500460,MUKANDLTD,INE304A01026
Mukka Proteins Ltd.,544135,MUKKA,INE0CG401037
Multi Commodity Exchange of India Ltd.,534091,MCX,INE745G01035
Munjal Auto Industries Ltd.,520059,MUNJALAU,INE672B01032
Muthoot Finance Ltd.,533398,MUTHOOTFIN,INE414G01012
Muthoot Microfin Ltd.,544055,MUTHOOTMF,INE046W01019
NACL Industries Ltd.,524709,NACLIND,INE295D01020
Nahar Poly Films Ltd.,523391,NAHARPOLY,INE308A01027
Nahar Spinning Mills Ltd.,500296,NAHARSPING,INE290A01027
Nalwa Sons Investments Ltd.,532256,NSIL,INE023A01030
Nandan Denim Ltd.,532641,NDL,INE875G01048
Naperol Investments Ltd.,500298,NAPEROL,INE585A01020
Narayana Hrudayalaya Ltd.,539551,NH,INE410P01011
Natco Pharma Ltd.,524816,NATCOPHARM,INE987B01026
National Aluminium Company Ltd.,532234,NATIONALUM,INE139A01034
National Fertilizers Ltd.,523630,NFL,INE870D01012
National Highways Infra Trust,543385,NHIT,INE0H7R23014
National Standard (India) Ltd.,504882,NATIONSTD,INE166R01015
NAVA Ltd.,513023,NAVA,INE725A01030
Navin Fluorine International Ltd.,532504,NAVINFLUOR,INE048G01026
Navkar Corporation Ltd.,539332,NAVKARCORP,INE278M01019
Navneet Education Ltd.,508989,NAVNETEDUL,INE060A01024
Nazara Technologies Ltd.,543280,NAZARA,INE418L01021
NBCC (India) Ltd.,534309,NBCC,INE095N01031
NBI Industrial Finance Company Ltd.,,NBIFIN,INE365I01020
NCC Ltd.,500294,NCC,INE868B01028
NCL Industries Ltd.,502168,NCLIND,INE732C01016
NDR Auto Components Ltd.,543214,NDRAUTO,INE07OG01012
NDR InvIT Trust,,NDRINVIT,INE0Q7Q23015
Nectar Lifesciences Ltd.,532649,NECLIFE,INE023H01027
Nelcast Ltd.,532864,NELCAST,INE189I01024
Nelco Ltd.,504112,NELCO,INE045B01015
Neogen Chemicals Ltd.,542665,NEOGEN,INE136S01016
Nesco Ltd.,505355,NESCO,INE317F01035
Nestle India Ltd.,500790,NESTLEIND,INE239A01024
Netweb Technologies India Ltd.,543945,NETWEB,INE0NT901020
Network People Services Technologies Ltd.,,NPST,INE0FFK01017
Network18 Media & Investments Ltd.,532798,NETWORK18,INE870H01013
Neuland Laboratories Ltd.,524558,NEULANDLAB,INE794A01010
New Delhi Television Ltd.,532529,NDTV,INE155G01029
Newgen Software Technologies Ltd.,540900,NEWGEN,INE619B01017
Nexus Select Trust REIT,543913,NXST,INE0NDH25011
NGL Fine - Chem Ltd.,524774,NGLFINE,INE887E01022
NHPC Ltd.,533098,NHPC,INE848E01016
NIBE Ltd.,535136,NIBE,INE149O01018
Nicco Parks & Resorts Ltd.,526721,NICCOPAR,INE653C01022
NIIT Learning Systems Ltd.,543952,NIITMTS,INE342G01023
NIIT Ltd.,500304,NIITLTD,INE161A01038
Nilkamal Ltd.,523385,NILKAMAL,INE310A01015
Nintec Systems Ltd.,539843,NINSYS,INE395U01014
Nippon Life India Asset Management Ltd.,540767,NAM-INDIA,INE298J01013
Nirlon Ltd.,500307,NIRLON,INE910A01012
Nisus Finance Services Co. Ltd.,544296,NISUS,INE0DQN01013
Nitco Ltd.,532722,NITCO,INE858F01012
Nitin Spinners Ltd.,532698,NITINSPIN,INE229H01012
Nitta Gelatin India Ltd.,506532,NITTAGELA,INE265B01019
Niva Bupa Health Insurance Company Ltd.,544286,NIVABUPA,INE995S01015
Niyogin Fintech Ltd.,538772,NIYOGIN,INE480D01010
NLC India Ltd.,513683,NLCINDIA,INE589A01014
NMDC Ltd.,526371,NMDC,INE584A01023
NMDC Steel Ltd.,543768,NSLNISP,INE0NNS01018
NOCIL Ltd.,500730,NOCIL,INE163A01018
Northern Arc Capital Ltd.,544260,NORTHARC,INE850M01015
Novartis India Ltd.,500672,NOVARTIND,INE234A01025
NRB Bearings Ltd.,530367,NRBBEARING,INE349A01021
NTPC Green Energy Ltd.,544289,NTPCGREEN,INE0ONG01011
NTPC Ltd.,532555,NTPC,INE733E01010
Nucleus Software Exports Ltd.,531209,NUCLEUS,INE096B01018
Nuvama Wealth Management Ltd.,543988,NUVAMA,INE531F01015
Nuvoco Vistas Corporation Ltd.,543334,NUVOCO,INE118D01016
Nxt-Infra Trust,,NXT-INFRA,INE0SF023016
Oberoi Realty Ltd.,533273,OBEROIRLTY,INE093I01010
Oil And Natural Gas Corporation Ltd.,500312,ONGC,INE213A01029
Oil India Ltd.,533106,OIL,INE274J01014
Ola Electric Mobility Ltd.,544225,OLAELEC,INE0LXG01040
Olectra Greentech Ltd.,532439,OLECTRA,INE260D01016
Om Infra Ltd.,531092,OMINFRAL,INE239D01028
Omaxe Ltd.,532880,OMAXE,INE800H01010
One Mobikwik Systems Ltd.,544305,MOBIKWIK,INE0HLU01028
One Point One Solutions Ltd.,,ONEPOINT,INE840Y01029
One97 Communications Ltd.,543396,PAYTM,INE982J01020
OneSource Specialty Pharma Ltd.,544292,ONESOURCE,INE013P01021
OnMobile Global Ltd.,532944,ONMOBILE,INE809I01019
Onward Technologies Ltd.,517536,ONWARDTEC,INE229A01017
Optiemus Infracom Ltd.,530135,OPTIEMUS,INE350C01017
Oracle Financial Services Software Ltd.,532466,OFSS,INE881D01027
Orchid Pharma Ltd.,524372,ORCHPHARMA,INE191A01027
Oriana Power Ltd.,,ORIANA,INE0OUT01019
Oricon Enterprises Ltd.,513121,ORICONENT,INE730A01022
Orient Cement Ltd.,535754,ORIENTCEM,INE876N01018
Orient Electric Ltd.,541301,ORIENTELEC,INE142Z01019
Orient Green Power Company Ltd.,533263,GREENPOWER,INE999K01014
Orient Paper & Industries Ltd.,502420,ORIENTPPR,INE592A01026
Orient Technologies Ltd.,544235,ORIENTTECH,INE0PPK01015
Oriental Aromatics Ltd.,500078,OAL,INE959C01023
Oriental Hotels Ltd.,500314,ORIENTHOT,INE750A01020
Oriental Rail Infrastructure Ltd.,531859,ORIRAIL,INE457G01029
Oswal Agro Mills Ltd.,500317,OSWALAGRO,INE142A01012
Oswal Green Tech Ltd.,539290,OSWALGREEN,INE143A01010
Owais Metal and Mineral Processing Ltd.,,OWAIS,INE0R8M01017
P N Gadgil Jewellers Ltd.,544256,PNGJL,INE953R01016
Pacheli Industrial Finance Ltd.,523862,PIFL,INE926B01016
Page Industries Ltd.,532827,PAGEIND,INE761H01022
Paisalo Digital Ltd.,532900,PAISALO,INE420C01059
Pakka Ltd.,516030,PAKKA,INE551D01018
Panacea Biotec Ltd.,531349,PANACEABIO,INE922B01023
Panama Petrochem Ltd.,524820,PANAMAPET,INE305C01029
Panorama Studios International Ltd.,539469,PANORAMA,INE258R01028
Paradeep Phosphates Ltd.,543530,PARADEEP,INE088F01024
Parag Milk Foods Ltd.,539889,PARAGMILK,INE883N01014
Paramount Communications Ltd.,530555,PARACABLES,INE074B01023
Paras Defence and Space Technologies Ltd.,543367,PARAS,INE045601015
Parsvnath Developers Ltd.,532780,PARSVNATH,INE561H01026
Pashupati Cotspin Ltd.,,PASHUPATI,INE124Y01010
Patanjali Foods Ltd.,500368,PATANJALI,INE619A01035
Patel Engineering Ltd.,531120,PATELENG,INE244B01030
Paushak Ltd.,532742,PAUSHAKLTD,INE111F01016
Pavna Industries Ltd.,543915,PAVNAIND,INE07S101020
PB Fintech Ltd.,543390,POLICYBZR,INE417T01026
PC Jeweller Ltd.,534809,PCJEWELLER,INE785M01021
PCBL Chemical Ltd.,506590,PCBL,INE602A01031
PDS Ltd.,538730,PDSL,INE111Q01021
Pearl Global Industries Ltd.,532808,PGIL,INE940H01022
Peninsula Land Ltd.,503031,PENINLAND,INE138A01028
Pennar Industries Ltd.,513228,PENIND,INE932A01024
Permanent Magnets Ltd.,504132,PERMAGN,INE418E01018
Persistent Systems Ltd.,533179,PERSISTENT,INE262H01021
Petronet LNG Ltd.,532522,PETRONET,INE347G01014
Pfizer Ltd.,500680,PFIZER,INE182A01018
PG Electroplast Ltd.,533581,PGEL,INE457L01029
Phoenix Mills Ltd.,503100,PHOENIXLTD,INE211B01039
PI Industries Ltd.,523642,PIIND,INE603J01030
Piccadily Agro Industries Ltd.,530305,PICCADIL,INE546C01010
Pidilite Industries Ltd.,500331,PIDILITIND,INE318A01026
Pilani Investment and Industries Corporation Ltd.,539883,PILANIINVS,INE417C01014
Piramal Enterprises Ltd.,500302,PEL,INE140A01024
Piramal Pharma Ltd.,543635,PPLPHARMA,INE0DK501011
Pitti Engineering Ltd.,513519,PITTIENG,INE450D01021
Pix Transmissions Ltd.,500333,PIXTRANS,INE751B01018
Plastiblends India Ltd.,523648,PLASTIBLEN,INE083C01022
Platinum Industries Ltd.,544134,PLATIND,INE0PT501018
PNB Gilts Ltd.,532366,PNBGILTS,INE859A01011
PNB Housing Finance Ltd.,540173,PNBHOUSING,INE572E01012
PNC Infratech Ltd.,539150,PNCINFRA,INE195J01029
PNGS Gargi Fashion Jewellery Ltd.,543709,GARGI,INE0NT601018
POCL Enterprises Ltd.,539195,POEL,INE035S01028
Pokarna Ltd.,532486,POKARNA,INE637C01025
Polo Queen Industrial and Fintech Ltd.,540717,PQIF,INE689M01025
Poly Medicure Ltd.,531768,POLYMED,INE205C01021
Polycab India Ltd.,542652,POLYCAB,INE455K01017
Polyplex Corporation Ltd.,524051,POLYPLEX,INE633B01018
Pondy Oxides & Chemicals Ltd.,532626,POCL,INE063E01053
Poonawalla Fincorp Ltd.,524000,POONAWALLA,INE511C01022
Popular Vehicles and Services Ltd.,544144,PVSL,INE772T01024
Power Finance Corporation Ltd.,532810,PFC,INE134E01011
Power Grid Corporation of India Ltd.,532898,POWERGRID,INE752E01010
Power Mech Projects Ltd.,539302,POWERMECH,INE211R01019
PowerGrid Infrastructure Investment Trust,543290,PGINVIT,INE0GGX23010
Prabha Energy Ltd.,544379,PRABHA,INE0I0M01023
Praj Industries Ltd.,522205,PRAJIND,INE074A01025
Prakash Industries Ltd.,506022,PRAKASH,INE603A01013
Prakash Pipes Ltd.,542684,PPL,INE050001010
Prataap Snacks Ltd.,540724,DIAMONDYD,INE393P01035
Praveg Ltd.,531637,PRAVEG,INE722B01019
Precision Camshafts Ltd.,539636,PRECAM,INE484I01029
Precision Wires India Ltd.,523539,PRECWIRE,INE372C01037
Precot Ltd.,521184,PRECOT,INE283A01014
Premier Energies Ltd.,544238,PREMIERENE,INE0BS701011
Premier Explosives Ltd.,526247,PREMEXPLN,INE863B01029
Premier Polyfilm Ltd.,514354,PREMIERPOL,INE309M01020
Prestige Estates Projects Ltd.,533274,PRESTIGE,INE811K01011
Prevest Denpro Ltd.,543363,PREVEST,INE0GAO01018
Pricol Ltd.,540293,PRICOLLTD,INE726V01018
Prime Focus Ltd.,532748,PFOCUS,INE367G01038
Prime Securities Ltd.,500337,PRIMESECU,INE032B01021
Primo Chemicals Ltd.,506852,PRIMO,INE607A01022
Prince Pipes & Fittings Ltd.,542907,PRINCEPIPE,INE689W01016
Prism Johnson Ltd.,500338,PRSMJOHNSN,INE010A01011
Privi Speciality Chemicals Ltd.,530117,PRIVISCL,INE959A01019
Procter & Gamble Health Ltd.,500126,PGHL,INE199A01012
Procter & Gamble Hygiene & Healthcare Ltd.,500459,PGHH,INE179A01014
Protean eGov Technologies Ltd.,544021,PROTEAN,INE004A01022
Prozone Realty Ltd.,534675,PROZONER,INE195N01013
Prudent Corporate Advisory Services Ltd.,543527,PRUDENT,INE00F201020
PSP Projects Ltd.,540544,PSPPROJECT,INE488V01015
PTC India Financial Services Ltd.,533344,PFS,INE560K01014
PTC India Ltd.,532524,PTC,INE877F01012
PTC Industries Ltd.,539006,PTCIL,INE596F01018
PTL Enterprises Ltd.,509220,PTL,INE034D01049
Pudumjee Paper Products Ltd.,539785,PDMJEPAPER,INE865T01018
Punjab & Sind Bank,533295,PSB,INE608A01012
Punjab Chemicals and Crop Protection Ltd.,506618,PUNJABCHEM,INE277B01014
Punjab National Bank,532461,PNB,INE160A01022
Puravankara Ltd.,532891,PURVA,INE323I01011
PVP Ventures Ltd.,517556,PVP,INE362A01016
PVR INOX Ltd.,532689,PVRINOX,INE191H01014
Pyramid Technoplast Ltd.,543969,PYRAMID,INE0MIS01010
Quadrant Future Tek Ltd.,544336,QUADFUTURE,INE0LRY01011
Quality Power Electrical Equipments Ltd.,544367,QPOWER,INE0SII01026
Quess Corp Ltd.,539978,QUESS,INE615P01015
Quick Heal Technologies Ltd.,539678,QUICKHEAL,INE306L01010
R K Swamy Ltd.,544136,RKSWAMY,INE0NQ801033
R R Kabel Ltd.,543981,RRKABEL,INE777K01022
R Systems International Ltd.,532735,RSYSTEMS,INE411H01032
R&B Denims Ltd.,538119,RNBDENIMS,INE012Q01021
Racl Geartech Ltd.,520073,RACLGEAR,INE704B01017
Radhika Jeweltech Ltd.,540125,RADHIKAJWE,INE583V01021
Radiant Cash Management Services Ltd.,543732,RADIANTCMS,INE855R01021
Radico Khaitan Ltd.,532497,RADICO,INE944F01028
Raghav Productivity Enhancers Ltd.,539837,RPEL,INE912T01018
Raghuvir Synthetics Ltd.,514316,RAGHUSYN,INE969C01022
Rail Vikas Nigam Ltd.,542649,RVNL,INE415G01027
RailTel Corporation of India Ltd.,543265,RAILTEL,INE0DD101019
Rain Industries Ltd.,500339,RAIN,INE855B01025
Rainbow Childrens Medicare Ltd.,543524,RAINBOW,INE961O01016
Raj Rayon Industries Ltd.,530699,RAJRILTD,INE533D01032
Rajapalayam Mills Ltd.,532503,RAJPALAYAM,INE296E01026
Rajesh Exports Ltd.,531500,RAJESHEXPO,INE343B01030
Rajesh Power Services Ltd.,544291,RAJESH,INE0VN801010
Rajoo Engineers Ltd.,522257,RAJOOENG,INE535F01024
Rajratan Global Wire Ltd.,517522,RAJRATAN,INE451D01029
Rallis India Ltd.,500355,RALLIS,INE613A01020
Ram Ratna Wires Ltd.,522281,RAMRAT,INE207E01023
Rama Steel Tubes Ltd.,539309,RAMASTEEL,INE230R01035
Ramco Industries Ltd.,532369,RAMCOIND,INE614A01028
Ramco Systems Ltd.,532370,RAMCOSYS,INE246B01019
Ramkrishna Forgings Ltd.,532527,RKFORGE,INE399G01023
Ramky Infrastructure Ltd.,533262,RAMKY,INE874I01013
Rane (Madras) Ltd.,532661,RML,INE050H01012
Rane Brake Lining Ltd.,532987,RBL,INE244J01017
Rane Holdings Ltd.,505800,RANEHOLDIN,INE384A01010
Rashi Peripherals Ltd.,544119,RPTECH,INE0J1F01024
Rashtriya Chemicals & Fertilizers Ltd.,524230,RCF,INE027A01015
RateGain Travel Technologies Ltd.,543417,RATEGAIN,INE0CLI01024
Ratnamani Metals & Tubes Ltd.,520111,RATNAMANI,INE703B01027
Ratnaveer Precision Engineering Ltd.,543978,RATNAVEER,INE05CZ01011
RattanIndia Enterprises Ltd.,534597,RTNINDIA,INE834M01019
RattanIndia Power Ltd.,533122,RTNPOWER,INE399K01017
Ravindra Energy Ltd.,504341,RELTD,INE206N01018
Raymond Lifestyle Ltd.,544240,RAYMONDLSL,INE02ID01020
Raymond Ltd.,500330,RAYMOND,INE301A01014
RBL Bank Ltd.,540065,RBLBANK,INE976G01028
RBZ Jewellers Ltd.,544060,RBZJEWEL,INE0PEQ01016
RDB Infrastructure and Power Ltd.,533285,RDBIPL,INE245L01028
REC Ltd.,532955,RECLTD,INE020B01018
Redington Ltd.,532805,REDINGTON,INE891D01026
Redtape Ltd.,543957,REDTAPE,INE0LXT01019
Refex Industries Ltd.,532884,REFEX,INE056I01025
Relaxo Footwears Ltd.,530517,RELAXO,INE131B01039
Reliance Industrial InfraStructure Ltd.,523445,RIIL,INE046A01015
Reliance Industries Ltd.,500325,RELIANCE,INE002A01018
Reliance Infrastructure Ltd.,500390,RELINFRA,INE036A01016
Reliance Power Ltd.,532939,RPOWER,INE614G01033
Religare Enterprises Ltd.,532915,RELIGARE,INE621H01010
Remus Pharmaceuticals Ltd.,,REMUS,INE0O5T01011
Renaissance Global Ltd.,532923,RGL,INE722H01024
Repco Home Finance Ltd.,535322,REPCOHOME,INE612J01015
Repro India Ltd.,532687,REPRO,INE461B01014
Responsive Industries Ltd.,505509,RESPONIND,INE688D01026
Restaurant Brands Asia Ltd.,543248,RBA,INE07T201019
Rhetan TMT Ltd.,543590,RHETAN,INE0KKN01029
RHI Magnesita India Ltd.,534076,RHIM,INE743M01012
Rico Auto Industries Ltd.,520008,RICOAUTO,INE209B01025
RIR Power Electronics Ltd.,517035,RIR,INE302D01016
Rishabh Instruments Ltd.,543977,RISHABH,INE0N2P01017
Ritco Logistics Ltd.,542383,RITCO,INE01EG01016
Rites Ltd.,541556,RITES,INE320J01015
RM Drip and Sprinklers Systems Ltd.,,RMDRIP,INE219Y01018
RMC Switchgears Ltd.,540358,RMC,INE655V01019
RNFI Services Ltd.,,RNFI,INE0SA001017
Rolex Rings Ltd.,543325,ROLEXRINGS,INE645S01016
Rossari Biotech Ltd.,543213,ROSSARI,INE02A801020
Rossell Techsys Ltd.,544294,ROSSTECH,INE0OJW01016
Roto Pumps Ltd.,517500,ROTO,INE535D01037
Route Mobile Ltd.,543228,ROUTE,INE450U01017
Royal Orchid Hotels Ltd.,532699,ROHLTD,INE283H01019
RPG Life Sciences Ltd.,532983,RPGLIFE,INE105J01010
RPP Infra Projects Ltd.,533284,RPPINFRA,INE324L01013
RPSG Ventures Ltd.,542333,RPSGVENT,INE425Y01011
RRP Semiconductor Ltd.,504346,RRP,INE713N01013
RSWM Ltd.,500350,RSWM,INE611A01016
Ruby Mills Ltd.,503169,RUBYMILLS,INE301D01026
Rudra Ecovation Ltd.,514010,RUDRAECO,INE723D01021
Rupa & Company Ltd.,533552,RUPA,INE895B01021
Rushil Decor Ltd.,533470,RUSHIL,INE573K01025
S Chand & Company Ltd.,540497,SCHAND,INE807K01035
S H Kelkar & Company Ltd.,539450,SHK,INE500L01026
S J Logistics (India) Ltd.,,SJLOGISTIC,INE0F3301020
S P Apparels Ltd.,540048,SPAL,INE212I01016
Sadhana Nitro Chem Ltd.,506642,SADHNANIQ,INE888C01040
Safari Industries (India) Ltd.,523025,SAFARI,INE429E01023
Sagar Cements Ltd.,502090,SAGCEM,INE229C01021
Sagility India Ltd.,544282,SAGILITY,INE0W2G01015
Sahaj Solar Ltd.,,SAHAJSOLAR,INE0P4701011
Sahana System Ltd.,,SAHANA,INE0LEX01011
Sahasra Electronic Solutions Ltd.,,SAHASRA,INE0RBQ01018
Sai Life Science Ltd.,544306,SAILIFE,INE570L01029
Sai Silks (Kalamandir) Ltd.,543989,KALAMANDIR,INE438K01021
Saint-Gobain Sekurit India Ltd.,515043,SAINTGOBAIN,INE068B01017
Sakar Healthcare Ltd.,,SAKAR,INE732S01012
Saksoft Ltd.,590051,SAKSOFT,INE667G01023
Salasar Techno Engineering Ltd.,540642,SALASAR,INE170V01027
Salzer Electronics Ltd.,517059,SALZERELEC,INE457F01013
Samhi Hotels Ltd.,543984,SAMHI,INE08U801020
Sammaan Capital Ltd.,535789,SAMMAANCAP,INE148I01020
Samvardhana Motherson International Ltd.,517334,MOTHERSON,INE775A01035
Sanathan Textiles Ltd.,544314,SANATHAN,INE0JPD01013
Sandesh Ltd.,526725,SANDESH,INE583B01015
Sandhar Technologies Ltd.,541163,SANDHAR,INE278H01035
Sandur Manganese & Iron Ores Ltd.,504918,SANDUMA,INE149K01016
Sangam (India) Ltd.,514234,SANGAMIND,INE495C01010
Sanghi Industries Ltd.,526521,SANGHIIND,INE999B01013
Sanghvi Movers Ltd.,530073,SANGHVIMOV,INE989A01032
Sanofi Consumer Healthcare India Ltd.,544250,SANOFICONR,INE0UOS01011
Sanofi India Ltd.,500674,SANOFI,INE058A01010
Sansera Engineering Ltd.,543358,SANSERA,INE953O01021
Sanstar Ltd.,544217,SANSTAR,INE08NE01025
Sapphire Foods India Ltd.,543397,SAPPHIRE,INE806T01020
SAR Auto Products Ltd.,538992,SAPL,INE002E01010
SAR Televenture Ltd.,,SARTELE,INE0PUC01020
Saraswati Commercial (India) Ltd.,512020,ZSARACOM,INE967G01019
Sarda Energy & Minerals Ltd.,504614,SARDAEN,INE385C01021
Saregama India Ltd.,532163,SAREGAMA,INE979A01025
Sarla Performance Fibers Ltd.,526885,SARLAPOLY,INE453D01025
Sarveshwar Foods Ltd.,543688,SARVESHWAR,INE324X01026
Sasken Technologies Ltd.,532663,SASKEN,INE231F01020
Sastasundar Ventures Ltd.,533259,SASTASUNDR,INE019J01013
Sat Industries Ltd.,511076,SATINDLTD,INE065D01027
Sathlokhar Synergys E&C Global Ltd.,,SSEGL,INE0RFP01011
Satia Industries Ltd.,539201,SATIA,INE170E01023
Satin Creditcare Network Ltd.,539404,SATIN,INE836B01017
Saurashtra Cements Ltd.,502175,SAURASHCEM,INE626A01014
Savita Oil Technologies Ltd.,524667,SOTL,INE035D01020
Sayaji Hotels Ltd.,523710,SAYAJIHOTL,INE318C01014
SBC Exports Ltd.,542725,SBC,INE04AK01028
SBFC Finance Ltd.,543959,SBFC,INE423Y01016
SBI Cards and Payment Services Ltd.,543066,SBICARD,INE018E01016
SBI Life Insurance Company Ltd.,540719,SBILIFE,INE123W01016
Schaeffler India Ltd.,505790,SCHAEFFLER,INE513A01022
Schneider Electric Infrastructure Ltd.,534139,SCHNEIDER,INE839M01018
Seamec Ltd.,526807,SEAMECLTD,INE497B01018
Selan Exploration Technology Ltd.,530075,SELAN,INE818A01017
Senco Gold Ltd.,543936,SENCO,INE602W01027
Senores Pharmaceuticals Ltd.,544319,SENORES,INE0RB801010
SEPC Ltd.,532945,SEPC,INE964H01014
Sequent Scientific Ltd.,512529,SEQUENT,INE807F01027
Servotech Renewable Power System Ltd.,,SERVOTECH,INE782X01033
Seshasayee Paper & Boards Ltd.,502450,SESHAPAPER,INE630A01024
SG Finserve Ltd.,539199,SGFIN,INE618R01015
SG Mart Ltd.,512329,SGMART,INE385F01024
Shaily Engineering Plastics Ltd.,501423,SHAILY,INE151G01028
Shakti Pumps (India) Ltd.,531431,SHAKTIPUMP,INE908D01010
Shalby Ltd.,540797,SHALBY,INE597J01018
Shalimar Agencies Ltd.,539895,SAGL,INE631E01024
Shalimar Paints Ltd.,509874,SHALPAINTS,INE849C01026
Shankara Building Products Ltd.,540425,SHANKARA,INE274V01019
Shanthi Gears Ltd.,522034,SHANTIGEAR,INE631A01022
Shanti Educational Initiatives Ltd.,539921,SEIL,INE440T01028
Sharda Cropchem Ltd.,538666,SHARDACROP,INE221J01015
Sharda Motor Industries Ltd.,535602,SHARDAMOTR,INE597I01028
Share India Securities Ltd.,540725,SHAREINDIA,INE932X01026
Sheela Foam Ltd.,540203,SFL,INE916U01025
Shilchar Technologies Ltd.,531201,SHILCTECH,INE024F01011
Shilpa Medicare Ltd.,530549,SHILPAMED,INE790G01031
Shipping Corporation of India Land And Assets Ltd.,544142,SCILAL,INE0PB301013
Shipping Corporation of India Ltd.,523598,SCI,INE109A01011
Shiv Texchem Ltd.,544272,SHIVTEXCHEM,INE0YRO01015
Shiva Cement Ltd.,532323,SHIVACEM,INE555C01029
Shivalik Bimetal Controls Ltd.,513097,SBCL,INE386D01027
Shivalik Rasayan Ltd.,539148,SHIVALIK,INE788J01021
Shoppers Stop Ltd.,532638,SHOPERSTOP,INE498B01024
Shraddha Prime Projects Ltd.,531771,SHRADDHA,INE311M01018
Shree Cements Ltd.,500387,SHREECEM,INE070A01015
Shree Digvijay Cement Company Ltd.,502180,SHREDIGCEM,INE232A01011
Shree Ganesh Remedies Ltd.,540737,SGRL,INE414Y01015
Shree Pushkar Chemicals & Fertilisers Ltd.,539334,SHREEPUSHK,INE712K01011
Shree Rama Multi-Tech Ltd.,532310,SHREERAMA,INE879A01019
Shree Rama Newsprint Ltd.,500356,RAMANEWS,INE278B01020
Shree Renuka Sugars Ltd.,532670,RENUKA,INE087H01022
Shree Tirupati Balajee FIBC Ltd.,,TIRUPATI,INE238Y01018
Shree Vasu Logistics Ltd.,,SVLL,INE00CE01017
Shrem InvIT,,SHREMINVIT,INE0GTI23014
Shri Jagdamba Polymers Ltd.,512453,SHRJAGP,INE564J01026
Shriram Asset Management Company Ltd.,531359,SRAMSET,INE777G01012
Shriram Finance Ltd.,511218,SHRIRAMFIN,INE721A01047
Shriram Pistons & Rings Ltd.,544344,SHRIPISTON,INE526E01018
Shriram Properties Ltd.,543419,SHRIRAMPPS,INE217L01019
Shukra Pharmaceuticals Ltd.,524632,SHUKRAPHAR,INE551C01044
Shyam Metalics and Energy Ltd.,543299,SHYAMMETL,INE810G01011
Sical Logistics Ltd.,520086,SICALLOG,INE075B01020
Siemens Ltd.,500550,SIEMENS,INE003A01024
Sigachi Industries Ltd.,543389,SIGACHI,INE0D0K01022
Signatureglobal (India) Ltd.,543990,SIGNATURE,INE903U01023
Signpost India Ltd.,544117,SIGNPOST,INE0KGZ01021
Sika Interplant Systems Ltd.,523606,SIKA,INE438E01032
SIL Investments Ltd.,521194,SILINV,INE923A01015
Silver Touch Technologies Ltd.,543525,SILVERTUC,INE625X01018
Simplex Infrastructures Ltd.,523838,SIMPLEXINF,INE059B01024
Sindhu Trade Links Ltd.,532029,SINDHUTRAD,INE325D01025
Sirca Paints India Ltd.,543686,SIRCA,INE792Z01011
SIS Ltd.,540673,SIS,INE285J01028
Siyaram Silk Mills Ltd.,503811,SIYSIL,INE076B01028
SJS Enterprises Ltd.,543387,SJS,INE284S01014
SJVN Ltd.,533206,SJVN,INE002L01015
SKF India Ltd.,500472,SKFINDIA,INE640A01023
Skipper Ltd.,538562,SKIPPER,INE439E01022
SKM Egg Products Export (India) Ltd.,532143,SKMEGGPROD,INE411D01015
Sky Gold and Diamonds Ltd.,541967,SKYGOLD,INE01IU01018
SMC Global Securities Ltd.,543263,SMCGLOBAL,INE103C01036
SML Isuzu Ltd.,505192,SMLISUZU,INE294B01019
SMS Pharmaceuticals Ltd.,532815,SMSPHARMA,INE812G01025
Snowman Logistics Ltd.,538635,SNOWMAN,INE734N01019
Sobha Ltd.,532784,SOBHA,INE671H01015
SoftTech Engineers Ltd.,543470,SOFTTECH,INE728Z01015
Solar Industries India Ltd.,532725,SOLARINDS,INE343H01029
Solara Active Pharma Sciences Ltd.,541540,SOLARA,INE624Z01016
Solarium Green Energy Ltd.,544354,SOLARIUM,INE0W0H01017
Solex Energy Ltd.,,SOLEX,INE880Y01017
Som Distilleries & Breweries Ltd.,507514,SDBL,INE480C01038
Somany Ceramics Ltd.,531548,SOMANYCERA,INE355A01028
Sona BLW Precision Forgings Ltd.,543300,SONACOMS,INE073K01018
Sonata Software Ltd.,532221,SONATSOFTW,INE269A01021
South Indian Bank Ltd.,532218,SOUTHBANK,INE683A01023
Southern Petrochemicals Industries Corporation Ltd.,590030,SPIC,INE147A01011
Spacenet Enterprises India Ltd.,,SPCENET,INE970N01027
Spandana Sphoorty Financial Ltd.,542759,SPANDANA,INE572J01011
Speciality Restaurants Ltd.,534425,SPECIALITY,INE247M01014
Spectrum Electrical Industries Ltd.,544386,SPECTRUM,INE01EO01010
SPEL Semiconductor Ltd.,517166,SPELS,INE252A01019
Spencers Retail Ltd.,542337,SPENCERS,INE020801028
Spicejet Ltd.,500285,SPICEJET,INE285B01017
SPML Infra Ltd.,500402,SPMLINFRA,INE937A01023
Sportking India Ltd.,539221,SPORTKING,INE885H01029
Sree Rayalaseema Hi-Strength Hypo Ltd.,532842,SRHHYPOLTD,INE917H01012
Sreeleathers Ltd.,535601,SREEL,INE099F01013
SRF Ltd.,503806,SRF,INE647A01010
SRG Housing Finance Ltd.,534680,SRGHFL,INE559N01010
Sri Adhikari Brothers Television Network Ltd.,530943,SABTNL,INE416A01044
SRM Contractors Ltd.,544158,SRM,INE0R6Z01013
Stallion India Fluorochemicals Ltd.,544342,STALLION,INE0RYC01010
Standard Glass Lining Technology Ltd.,544333,SGLTL,INE0M4D01010
Stanley Lifestyles Ltd.,544202,STANLEY,INE01A001028
Star Cement Ltd.,540575,STARCEMENT,INE460H01021
Star Health and Allied Insurance Company Ltd.,543412,STARHEALTH,INE575P01011
State Bank of India,500112,SBIN,INE062A01020
State Trading Corporation Of India Ltd.,512531,STCINDIA,INE655A01013
Steel Authority of India (SAIL) Ltd.,500113,SAIL,INE114A01011
Steel Cast Ltd.,513517,STEELCAS,INE124E01020
Steel Exchange India Ltd.,534748,STEELXIND,INE503B01021
Steel Strips Wheels Ltd.,513262,SSWL,INE802C01033
STEL Holdings Ltd.,533316,STEL,INE577L01016
Sterling and Wilson Renewable Energy Ltd.,542760,SWSOLAR,INE00M201021
Sterling Tools Ltd.,530759,STERTOOLS,INE334A01023
Sterlite Technologies Ltd.,532374,STLTECH,INE089C01029
Stove Kraft Ltd.,543260,STOVEKRAFT,INE00IN01015
Stovec Industries Ltd.,504959,STOVACQ,INE755D01015
Strides Pharma Science Ltd.,532531,STAR,INE939A01011
Stylam Industries Ltd.,526951,STYLAMIND,INE239C01020
Styrenix Performance Materials Ltd.,506222,STYRENIX,INE189B01011
Subex Ltd.,532348,SUBEXLTD,INE754A01055
Subros Ltd.,517168,SUBROS,INE287B01021
Sudarshan Chemical Industries Ltd.,506655,SUDARSCHEM,INE659A01023
Sudarshan Pharma Industries Ltd.,543828,SUDARSHAN,INE00TV01023
Sukhjit Starch & Chemicals Ltd.,524542,SUKHJITS,INE450E01029
Sula Vineyards Ltd.,543711,SULA,INE142Q01026
Sumitomo Chemical India Ltd.,542920,SUMICHEM,INE258G01013
Summit Securities Ltd.,533306,SUMMITSEC,INE519C01017
Sun Pharma Advanced Research Company Ltd.,532872,SPARC,INE232I01014
Sun Pharmaceutical Industries Ltd.,524715,SUNPHARMA,INE044A01036
Sun TV Network Ltd.,532733,SUNTV,INE424H01027
Sundaram Finance Holdings Ltd.,,SUNDARMHLD,INE202Z01029
Sundaram Finance Ltd.,590071,SUNDARMFIN,INE660A01013
Sundaram-Clayton Ltd.,544066,SUNCLAY,INE0Q3R01026
Sundram Fasteners Ltd.,500403,SUNDRMFAST,INE387A01021
Sundrop Brands Ltd.,500215,SUNDROP,INE209A01019
Sunflag Iron & Steel Company Ltd.,500404,SUNFLAG,INE947A01014
Sunshield Chemicals Ltd.,530845,SUNSHIEL,INE199E01014
Sunteck Realty Ltd.,512179,SUNTECK,INE805D01034
Suprajit Engineering Ltd.,532509,SUPRAJIT,INE399C01030
Supreme Industries Ltd.,509930,SUPREMEIND,INE195A01028
Supreme Petrochem Ltd.,500405,SPLPETRO,INE663A01033
Supriya Lifescience Ltd.,543434,SUPRIYA,INE07RO01027
Suraj Estate Developers Ltd.,544054,SURAJEST,INE843S01025
Suraj Ltd.,531638,SURAJLTD,INE713C01016
Suraksha Diagnostic Ltd.,544293,SURAKSHA,INE877V01027
Suratwwala Business Group Ltd.,543218,SBGLP,INE05ST01028
Surya Roshni Ltd.,500336,SURYAROSNI,INE335A01020
Suryoday Small Finance Bank Ltd.,543279,SURYODAY,INE428Q01011
Sustainable Energy Infra Trust,,SEITINVIT,INE0R8O23017
Sutlej Textiles & Industries Ltd.,532782,SUTLEJTEX,INE645H01027
Suven Life Sciences Ltd.,530239,SUVEN,INE495B01038
Suven Pharmaceuticals Ltd.,543064,SUVENPHAR,INE03QK01018
Suyog Telematics Ltd.,537259,SUYOG,INE442P01014
Suzlon Energy Ltd.,532667,SUZLON,INE040H01021
Swan Defence and Heavy Industries Ltd.,533107,SWANDEF,INE542F01020
Swan Energy Ltd.,503310,SWANENERGY,INE665A01038
Swaraj Engines Ltd.,500407,SWARAJENG,INE277A01016
Swelect Energy Systems Ltd.,532051,SWELECTES,INE409B01013
Swiggy Ltd.,544285,SWIGGY,INE00H001014
Swiss Military Consumer Goods Ltd.,523558,SWISSMLTRY,INE010C01025
Symphony Ltd.,517385,SYMPHONY,INE225D01027
Syncom Formulation (India) Ltd.,524470,SYNCOMF,INE312C01025
Synergy Green Industries Ltd.,541929,SGIL,INE00QT01015
Syngene International Ltd.,539268,SYNGENE,INE398R01022
Syrma SGS Technology Ltd.,543573,SYRMA,INE0DYJ01015
Systematix Corporate Services Ltd.,526506,SYSTMTXC,INE356B01024
TAAL Enterprises Ltd.,539956,TAALENT,INE524T01011
TAC Infosec Ltd.,,TAC,INE0SOY01013
Taj GVK Hotels & Resorts Ltd.,532390,TAJGVK,INE586B01026
Talbros Automotive Components Ltd.,505160,TALBROAUTO,INE187D01029
Tamil Nadu Newsprint And Papers Ltd.,531426,TNPL,INE107A01015
Tamilnad Mercantile Bank Ltd.,543596,TMB,INE668A01016
Tamilnadu Petroproducts Ltd.,500777,TNPETRO,INE148A01019
Taneja Aerospace & Aviation Ltd.,522229,TANAA,INE692C01020
Tanfac Industries Ltd.,506854,TANFACIND,INE639B01015
Tanla Platforms Ltd.,532790,TANLA,INE483C01032
Tara Chand InfraLogistic Solutions Ltd.,,TARACHAND,INE555Z01020
TARC Ltd.,543249,TARC,INE0EK901012
Tarsons Products Ltd.,543399,TARSONS,INE144Z01023
Tasty Bite Eatables Ltd.,519091,TASTYBITE,INE488B01017
Tata Chemicals Ltd.,500770,TATACHEM,INE092A01019
Tata Communications Ltd.,500483,TATACOMM,INE151A01013
Tata Consultancy Services Ltd.,532540,TCS,INE467B01029
Tata Consumer Products Ltd.,500800,TATACONSUM,INE192A01025
Tata Elxsi Ltd.,500408,TATAELXSI,INE670A01012
Tata Investment Corporation Ltd.,501301,TATAINVEST,INE672A01018
Tata Motors Ltd.,500570,TATAMOTORS,INE155A01022
Tata Power Company Ltd.,500400,TATAPOWER,INE245A01021
Tata Steel Ltd.,500470,TATASTEEL,INE081A01020
Tata Technologies Ltd.,544028,TATATECH,INE142M01025
Tata Teleservices (Maharashtra) Ltd.,532371,TTML,INE517B01013
Tatva Chintan Pharma Chem Ltd.,543321,TATVA,INE0GK401011
TBO Tek Ltd.,544174,TBOTEK,INE673O01025
TCC Concept Ltd.,512038,TCC,INE887D01016
TCI Express Ltd.,540212,TCIEXP,INE586V01016
TCPL Packaging Ltd.,523301,TCPLPACK,INE822C01015
TD Power Systems Ltd.,533553,TDPOWERSYS,INE419M01027
TeamLease Services Ltd.,539658,TEAMLEASE,INE985S01024
Tech Mahindra Ltd.,532755,TECHM,INE669C01036
Techno Electric & Engineering Company Ltd.,542141,TECHNOE,INE285K01026
Technocraft Industries (India) Ltd.,532804,TIIL,INE545H01011
TechNVision Ventures Ltd.,501421,TECHNVISN,INE314H01012
Tega Industries Ltd.,543413,TEGA,INE011K01018
Tejas Networks Ltd.,540595,TEJASNET,INE010J01012
Tembo Global Industries Ltd.,,TEMBO,INE869Y01010
Texmaco Infrastructure & Holdings Ltd.,505400,TEXINFRA,INE435C01024
Texmaco Rail & Engineering Ltd.,533326,TEXRAIL,INE621L01012
TGV SRAAC Ltd.,507753,TGVSL,INE284B01028
Thangamayil Jewellery Ltd.,533158,THANGAMAYL,INE085J01014
The Anup Engineering Ltd.,542460,ANUP,INE294Z01018
The Fertilisers and Chemicals Travancore Ltd.,590024,FACT,INE188A01015
The Hi-Tech Gears Ltd.,522073,HITECHGEAR,INE127B01011
The Investment Trust of India Ltd.,530023,THEINVEST,INE924D01017
The New India Assurance Company Ltd.,540769,NIACL,INE470Y01017
The Orissa Minerals Development Company Ltd.,590086,ORISSAMINE,INE725E01024
The Ramco Cements Ltd.,500260,RAMCOCEM,INE331A01037
The Yamuna Syndicate Ltd.,540980,YSL,INE868X01014
Thejo Engineering Ltd.,,THEJO,INE121N01019
Themis Medicare Ltd.,530199,THEMISMED,INE083B01024
Thermax Ltd.,500411,THERMAX,INE152A01029
Thirumalai Chemicals Ltd.,500412,TIRUMALCHM,INE338A01024
Thomas Cook (India) Ltd.,500413,THOMASCOOK,INE332A01027
Thyrocare Technologies Ltd.,539871,THYROCARE,INE594H01019
Tiger Logistics (India) Ltd.,536264,TIGERLOGS,INE906O01029
TIL Ltd.,505196,TIL,INE806C01018
Tilaknagar Industries Ltd.,507205,TI,INE133E01013
Time Technoplast Ltd.,532856,TIMETECHNO,INE508G01029
Timex Group India Ltd.,500414,TIMEX,INE064A01026
Timken India Ltd.,522113,TIMKEN,INE325A01013
Tinna Rubber and Infrastructure Ltd.,530475,TINNARUBR,INE015C01016
Tips Music Ltd.,532375,TIPSMUSIC,INE716B01029
Titagarh Rail Systems Ltd.,532966,TITAGARH,INE615H01020
Titan Company Ltd.,500114,TITAN,INE280A01028
Tolins Tyres Ltd.,544254,TOLINS,INE0RWQ01014
Torrent Pharmaceuticals Ltd.,500420,TORNTPHARM,INE685A01028
Torrent Power Ltd.,532779,TORNTPOWER,INE813H01021
Tourism Finance Corporation of India Ltd.,526650,TFCILTD,INE305A01015
TPL Plastech Ltd.,526582,TPLPLASTEH,INE413G01022
Tracxn Technologies Ltd.,543638,TRACXN,INE0HMF01019
Transformers & Rectifiers (India) Ltd.,532928,TARIL,INE763I01026
Transindia Real Estate Ltd.,543955,TREL,INE0O3901029
Transpek Industry Ltd.,506687,TRANSPEK,INE687A01016
Transport Corporation of India Ltd.,532349,TCI,INE688A01022
Transrail Lighting Ltd.,544317,TRANSRAILL,INE454P01035
Transworld Shipping Lines Ltd.,520151,TRANSWORLD,INE757B01015
Trent Ltd.,500251,TRENT,INE849A01020
Tribhovandas Bhimji Zaveri Ltd.,534369,TBZ,INE760L01018
Trident Ltd.,521064,TRIDENT,INE064C01022
Trident Techlabs Ltd.,,TECHLABS,INE0QD201012
Triveni Engineering & Industries Ltd.,532356,TRIVENI,INE256C01024
Triveni Turbine Ltd.,533655,TRITURBINE,INE152M01016
TTK Healthcare Ltd.,507747,TTKHLTCARE,INE910C01018
TTK Prestige Ltd.,517506,TTKPRESTIG,INE690A01028
Tube Investments of India Ltd.,540762,TIINDIA,INE974X01010
Tuticorin Alkali Chemicals & Fertilizers Ltd.,506808,TUTIALKA,INE400A01014
TV Today Network Ltd.,532515,TVTODAY,INE038F01029
TVS Electronics Ltd.,532513,TVSELECT,INE236G01019
TVS Holdings Ltd.,520056,TVSHLTD,INE105A01035
TVS Motor Company Ltd.,532343,TVSMOTOR,INE494B01023
TVS Srichakra Ltd.,509243,TVSSRICHAK,INE421C01016
TVS Supply Chain Solutions Ltd.,543965,TVSSCS,INE395N01027
Twamev Construction and Infrastructure Ltd.,532738,TICL,INE388G01026
U P Hotels Ltd.,509960,UPHOT,INE726E01014
UCO Bank,532505,UCOBANK,INE691A01018
Udaipur Cement Works Ltd.,530131,UDAICEMENT,INE225C01029
Uflex Ltd.,500148,UFLEX,INE516A01017
Ugar Sugar Works Ltd.,530363,UGARSUGAR,INE071E01023
Ugro Capital Ltd.,511742,UGROCAP,INE583D01011
Ujaas Energy Ltd.,533644,UEL,INE899L01030
Ujjivan Small Finance Bank Ltd.,542904,UJJIVANSFB,INE551W01018
Ultramarine & Pigments Ltd.,506685,ULTRAMAR,INE405A01021
UltraTech Cement Ltd.,532538,ULTRACEMCO,INE481G01011
Uni Abex Alloy Products Ltd.,504605,UNIABEXAL,INE361D01012
Unichem Laboratories Ltd.,506690,UNICHEMLAB,INE351A01035
Unicommerce eSolutions Ltd.,544227,UNIECOM,INE00U401027
Unifinz Capital India Ltd.,541358,UCIL,INE926R01012
Unimech Aerospace and Manufacturing Ltd.,544322,UNIMECH,INE0U3I01011
Union Bank of India,532477,UNIONBANK,INE692A01016
Uniparts India Ltd.,543689,UNIPARTS,INE244O01017
Uniphos Enterprises Ltd.,500429,UNIENTER,INE037A01022
Unitech Ltd.,507878,UNITECH,INE694A01020
United Breweries Ltd.,532478,UBL,INE686F01025
United Spirits Ltd.,532432,UNITDSPR,INE854D01024
Universal Cables Ltd.,504212,UNIVCABLES,INE279A01012
UNO Minda Ltd.,532539,UNOMINDA,INE405E01023
Updater Services Ltd.,543996,UDS,INE851I01011
UPL Ltd.,512070,UPL,INE628A01036
Urja Global Ltd.,526987,URJA,INE550C01020
Usha Martin Ltd.,517146,USHAMART,INE228A01035
UTI Asset Management Company Ltd.,543238,UTIAMC,INE094J01016
Utkarsh Small Finance Bank Ltd.,543942,UTKARSHBNK,INE735W01017
Utssav CZ Gold Jewels Ltd.,,UTSSAV,INE06IJ01010
Uttam Sugar Mills Ltd.,532729,UTTAMSUGAR,INE786F01031
V2 Retail Ltd.,532867,V2RETAIL,INE945H01013
Va Tech Wabag Ltd.,533269,WABAG,INE956G01038
Vadilal Enterprises Ltd.,519152,VADILENT,INE693D01018
Vadilal Industries Ltd.,519156,VADILALIND,INE694D01016
Vaibhav Global Ltd.,532156,VAIBHAVGBL,INE884A01027
Vakrangee Ltd.,511431,VAKRANGEE,INE051B01021
Valiant Organics Ltd.,540145,VALIANTORG,INE565V01010
Valor Estate Ltd.,533160,DBREALTY,INE879I01012
Vantage Knowledge Academy Ltd.,539761,VKAL,INE427T01025
Vardhman Holdings Ltd.,500439,VHL,INE701A01023
Vardhman Polytex Ltd.,514175,VARDMNPOLY,INE835A01029
Vardhman Special Steels Ltd.,534392,VSSL,INE050M01012
Vardhman Textiles Ltd.,502986,VTL,INE825A01020
Varroc Engineering Ltd.,541578,VARROC,INE665L01035
Varun Beverages Ltd.,540180,VBL,INE200M01039
Vasa Denticity Ltd.,,DENTALKART,INE0N5801013
Vascon Engineers Ltd.,533156,VASCONEQ,INE893I01013
Vashu Bhagnani Industries Ltd.,532011,POOJAENT,INE147C01017
Vedant Fashions Ltd.,543463,MANYAVAR,INE825V01034
Vedanta Ltd.,500295,VEDL,INE205A01025
Veedol Corporation Ltd.,590005,VEEDOL,INE484C01030
Veefin Solutions Ltd.,543931,VEEFIN,INE0Q0M01015
Venky's (India) Ltd.,523261,VENKEYS,INE398A01010
Ventive Hospitality Ltd.,544321,VENTIVE,INE781S01027
Venus Pipes & Tubes Ltd.,543528,VENUSPIPES,INE0JA001018
Veranda Learning Solutions Ltd.,543514,VERANDA,INE0IQ001011
Veritas (India) Ltd.,512229,VERITAS,INE379J01029
Vertoz Ltd.,,VERTOZ,INE188Y01023
Vesuvius India Ltd.,520113,VESUVIUS,INE386A01015
V-Guard Industries Ltd.,532953,VGUARD,INE951I01027
Viceroy Hotels Ltd.,523796,VHLTD,INE048C01025
Vidhi Specialty Food Ingredients Ltd.,531717,VIDHIING,INE632C01026
Vijaya Diagnostic Centre Ltd.,543350,VIJAYA,INE043W01024
Vikram Thermo (India) Ltd.,530477,VIKRAMTH,INE337E01010
Vilas Transcore Ltd.,,VILAS,INE0AZY01017
Vimta Labs Ltd.,524394,VIMTALABS,INE579C01029
Vinati Organics Ltd.,524200,VINATIORGA,INE410B01037
Vindhya Telelinks Ltd.,517015,VINDHYATEL,INE707A01012
Vinsys IT Services India Ltd.,,VINSYS,INE0OSJ01014
Vintage Coffee And Beverages Ltd.,538920,VINCOFE,INE498Q01014
Vinyas Innovative Technologies Ltd.,,VINYAS,INE0OLS01010
Vinyl Chemicals (I) Ltd.,524129,VINYLINDIA,INE250B01029
VIP Industries Ltd.,507880,VIPIND,INE054A01027
Virtuoso Optoelectronics Ltd.,543597,VOEPL,INE0I0T01010
Visaka Industries Ltd.,509055,VISAKAIND,INE392A01021
Vishal Fabrics Ltd.,538598,VISHAL,INE755Q01025
Vishal Mega Mart Ltd.,544307,VMM,INE01EA01019
Vishnu Chemicals Ltd.,516072,VISHNU,INE270I01022
Vishnu Prakash R Punglia Ltd.,543974,VPRPL,INE0AE001013
Viviana Power Tech Ltd.,,VIVIANA,INE0MEG01014
VLS Finance Ltd.,511333,VLSFINANCE,INE709A01018
V-Marc India Ltd.,,VMARCIND,INE0GXK01018
V-Mart Retail Ltd.,534976,VMART,INE665J01013
Vodafone Idea Ltd.,532822,IDEA,INE669E01016
Voith Paper Fabrics India Ltd.,522122,VOITHPAPR,INE285C01015
Voltamp Transformers Ltd.,532757,VOLTAMP,INE540H01012
Voltas Ltd.,500575,VOLTAS,INE226A01021
Vraj Iron & Steel Ltd.,544204,VRAJ,INE0S2V01010
VRL Logistics Ltd.,539118,VRLLOG,INE366I01010
VST Industries Ltd.,509966,VSTIND,INE710A01016
VST Tillers Tractors Ltd.,531266,VSTTILLERS,INE764D01017
VTM Ltd.,532893,VTMLTD,INE222F01029
Waaree Energies Ltd.,544277,WAAREEENER,INE377N01017
Waaree Renewable Technologies Ltd.,534618,WAAREERTL,INE299N01021
Walchandnagar Industries Ltd.,507410,WALCHANNAG,INE711A01022
Wanbury Ltd.,524212,WANBURY,INE107F01022
Wardwizard Innovations & Mobility Ltd.,538970,WARDINMOBI,INE945P01024
Wealth First Portfolio Managers Ltd.,,WEALTH,INE658T01017
Websol Energy Systems Ltd.,517498,WEBELSOLAR,INE855C01015
Welspun Corp Ltd.,532144,WELCORP,INE191B01025
Welspun Enterprises Ltd.,532553,WELENT,INE625G01013
Welspun Living Ltd.,514162,WELSPUNLIV,INE192B01031
Welspun Specialty Solutions Ltd.,500365,WELSPLSOL,INE731F01037
Wendt (India) Ltd.,505412,WENDT,INE274C01019
West Coast Paper Mills Ltd.,500444,WSTCSTPAPR,INE976A01021
Western Carriers (India) Ltd.,544258,WCIL,INE0CJF01024
Westlife Foodworld Ltd.,505533,WESTLIFE,INE274F01020
Wheels India Ltd.,590073,WHEELS,INE715A01015
Whirlpool of India Ltd.,500238,WHIRLPOOL,INE716A01013
Wim Plast Ltd.,526586,WIMPLAST,INE015B01018
Windlas Biotech Ltd.,543329,WINDLAS,INE0H5O01029
Windsor Machines Ltd.,522029,WINDMACHIN,INE052A01021
Wipro Ltd.,507685,WIPRO,INE075A01022
Wockhardt Ltd.,532300,WOCKPHARMA,INE049B01025
Wonder Electricals Ltd.,543449,WEL,INE02WG01024
Wonderla Holidays Ltd.,538268,WONDERLA,INE066O01014
Worth Investment and Trading Company Ltd.,538451,WORTH,INE114O01020
WPIL Ltd.,505872,WPIL,INE765D01022
Xchanging Solutions Ltd.,532616,XCHANGING,INE692G01013
Xpro India Ltd.,590013,XPROINDIA,INE445C01015
Yash Highvoltage Ltd.,544310,YASHHV,INE00GK01023
Yasho Industries Ltd.,541167,YASHO,INE616Z01012
Yatharth Hospital & Trauma Care Services Ltd.,543950,YATHARTH,INE0JO301016
Yatra Online Ltd.,543992,YATRA,INE0JR601024
YES Bank Ltd.,532648,YESBANK,INE528G01035
Yuken India Ltd.,522108,YUKEN,INE384C01016
Zaggle Prepaid Ocean Services Ltd.,543985,ZAGGLE,INE07K301024
Zee Entertainment Enterprises Ltd.,505537,ZEEL,INE256A01028
Zee Media Corporation Ltd.,532794,ZEEMEDIA,INE966H01019
Zen Technologies Ltd.,533339,ZENTEC,INE251B01027
Zensar Technologies Ltd.,504067,ZENSARTECH,INE520A01027
ZF Commercial Vehicle Control Systems India Ltd.,533023,ZFCVINDIA,INE342J01019
ZF Steering Gear (India) Ltd.,505163,ZFSTEERING,INE116C01012
Zinka Logistics Solutions Ltd.,544288,BLACKBUCK,INE0UIZ01018
Zodiac Energy Ltd.,543416,ZODIAC,INE761Y01019
Zota Healthcare Ltd.,,ZOTA,INE358U01012
Z-Tech (India) Ltd.,,ZTECH,INE0ISZ01012
Zuari Agro Chemicals Ltd.,534742,ZUARI,INE840M01016
Zuari Industries Ltd.,500780,ZUARIIND,INE217A01012
Zydus Lifesciences Ltd.,532321,ZYDUSLIFE,INE010B01027
Zydus Wellness Ltd.,531335,ZYDUSWELL,INE768C01010
